day,machine,Well.ID,line,pipettor,note
1,2,1,3x3,linnea,
1,2,2,93x67,linnea,
1,2,3,58x20,linnea,
1,2,4,94x96,linnea,
1,2,5,92x92,linnea,
1,2,6,26,linnea,
1,2,7,31,linnea,
1,2,8,blank,linnea,
1,2,9,69x67,linnea,
1,2,10,116x116,linnea,
1,2,11,29x29,linnea,
1,2,12,33x33,linnea,
1,2,13,80x135,linnea,
1,2,14,103x96,linnea,
1,2,15,blank,linnea,
1,2,16,104x67,linnea,
1,2,17,118,linnea,
1,2,18,72x96,linnea,
1,2,19,71x96,linnea,
1,2,20,123x20,linnea,
1,2,21,67x93,linnea,
1,2,22,123x20,linnea,
1,2,23,76x96,linnea,
1,2,24,1,linnea,
1,2,25,110x110,linnea,
1,2,26,50x46,linnea,
1,2,27,47x46,linnea,
1,2,28,81x67,linnea,
1,2,29,107x135,linnea,
1,2,30,109,linnea,
1,2,31,120x120,linnea,
1,2,32,1,linnea,
1,2,33,80x135,linnea,
1,2,34,135,linnea,
1,2,35,43,linnea,
1,2,36,50,linnea,
1,2,37,94x96,linnea,
1,2,38,15x15,linnea,
1,2,39,88x93,linnea,
1,2,40,56x67,linnea,
1,2,41,46,linnea,
1,2,42,64x46,linnea,
1,2,43,25x96,linnea,
1,2,44,30x67,linnea,
1,2,45,53x53,linnea,
1,2,46,121,linnea,
1,2,47,93x93,linnea,
1,2,48,91x20,linnea,
1,2,49,111x111,linnea,
1,2,50,136x20,linnea,
1,2,51,82x82,linnea,
1,2,52,110x93,linnea,
1,2,53,65,linnea,
1,2,54,64x64,linnea,
1,2,55,134x134,linnea,
1,2,56,134x135,linnea,
1,2,57,57,linnea,
1,2,58,32x96,linnea,
1,2,59,86x46,linnea,
1,2,60,72x96,linnea,
1,2,61,113x93,linnea,
1,2,62,54x96,linnea,
1,2,63,88x88,linnea,
1,2,64,45x67,linnea,
1,2,65,12x12,linnea,
1,2,66,136,linnea,
1,2,67,103x96,linnea,
1,2,68,101x101,linnea,
1,2,69,72x72,linnea,
1,2,70,35,linnea,
1,2,71,56,linnea,
1,2,72,25x96,linnea,
1,2,73,123,linnea,
1,2,74,91,linnea,
1,2,75,126x126,linnea,
1,2,76,104x104,linnea,
1,2,77,4,linnea,
1,2,78,93x67,linnea,
1,2,79,44x67,linnea,
1,2,80,89x135,linnea,
1,2,81,8x93,linnea,
1,2,82,37x37,linnea,
1,2,83,96,linnea,
1,2,84,89,linnea,
1,2,85,61x61,linnea,
1,2,86,125x125,linnea,
1,2,87,10,linnea,
1,2,88,62x62,linnea,
1,2,89,71x96,linnea,
1,2,90,126,linnea,
1,2,91,98x20,linnea,
1,2,92,112x112,linnea,
1,2,93,blank,linnea,
1,2,94,79x96,linnea,
1,2,95,53x96,linnea,
1,2,96,blank,linnea,
1,2,97,35x46,linnea,
1,2,98,102x67,linnea,
1,2,99,38x46,linnea,
1,2,100,35x35,linnea,
1,2,101,83x46,linnea,
1,2,102,112x93,linnea,
1,2,103,45x67,linnea,
1,2,104,blank,linnea,
1,2,105,17,linnea,
1,2,106,16x46,linnea,
1,2,107,109x109,linnea,
1,2,108,29,linnea,
1,2,109,89x89,linnea,
1,2,110,27x27,linnea,
1,2,111,76,linnea,
1,2,112,95x95,linnea,
1,2,113,93,linnea,
1,2,114,23x20,linnea,
1,2,115,43,linnea,
1,2,116,102x102,linnea,
1,2,117,96,linnea,
1,2,118,101x20,linnea,
1,2,119,87x87,linnea,
1,2,120,3x3,linnea,
1,2,121,120x120,linnea,
1,2,122,8,linnea,
1,2,123,blank,linnea,
1,2,124,23x23,linnea,
1,2,125,7x7,linnea,
1,2,126,8x93,linnea,
1,2,127,114x93,linnea,
1,2,128,15x67,linnea,
1,2,129,27,linnea,
1,2,130,81x67,linnea,
1,2,131,17,linnea,
1,2,132,108,linnea,
1,2,133,103,linnea,
1,2,134,8,linnea,
1,2,135,76x96,linnea,
1,2,136,79,linnea,
1,2,137,59,linnea,
1,2,138,blank,linnea,
1,2,139,6,linnea,
1,2,140,78,linnea,
1,2,141,82,linnea,
1,2,142,5x20,linnea,
1,2,143,122x122,linnea,
1,2,144,118x93,linnea,
1,2,145,7x7,linnea,
1,2,146,16x16,linnea,
1,2,147,26x26,linnea,
1,2,148,62x67,linnea,
1,2,149,12x12,linnea,
1,2,150,61x61,linnea,
1,2,151,9x46,linnea,
1,2,152,27x27,linnea,
1,2,153,55x67,linnea,
1,2,154,88x93,linnea,
1,2,155,89x89,linnea,
1,2,156,102x67,linnea,
1,2,157,56x56,linnea,
1,2,158,107x107,linnea,
1,2,159,83x46,linnea,
1,2,160,86x46,linnea,
1,2,161,47x47,linnea,
1,2,162,16x46,linnea,
1,2,163,124x20,linnea,
1,2,164,17x17,linnea,
1,2,165,42x42,linnea,
1,2,166,115,linnea,
1,2,167,94,linnea,
1,2,168,14x14,linnea,
1,2,169,44x44,linnea,
1,2,170,3,linnea,
1,2,171,130x130,linnea,
1,2,172,65x93,linnea,
1,2,173,5x5,linnea,
1,2,174,51x51,linnea,
1,2,175,136,linnea,
1,2,176,44,linnea,
1,2,177,129,linnea,
1,2,178,48x48,linnea,
1,2,179,103,linnea,
1,2,180,58x20,linnea,
1,2,181,33x20,linnea,
1,2,182,3x135,linnea,
1,2,183,48x48,linnea,
1,2,184,126x93,linnea,
1,2,185,107,linnea,
1,2,186,18x18,linnea,
1,2,187,53x53,linnea,
1,2,188,blank,linnea,
1,2,189,blank,linnea,
1,2,190,40x135,linnea,
1,2,191,89,linnea,
1,2,192,73x135,linnea,
1,2,193,122x122,linnea,
1,2,194,86x86,linnea,
1,2,195,83,linnea,
1,2,196,10x96,linnea,
1,2,197,129x129,linnea,
1,2,198,47x47,linnea,
1,2,199,3,linnea,
1,2,200,50x50,linnea,
2,2,1,93,matt,
2,2,2,50x46,matt,
2,2,3,80x80,matt,
2,2,4,43x43,matt,
2,2,5,10x10,matt,
2,2,6,83,matt,
2,2,7,111,matt,
2,2,8,72x96,matt,
2,2,9,122x67,matt,
2,2,10,9,matt,
2,2,11,123x123,matt,
2,2,12,53x53,matt,
2,2,13,23,matt,
2,2,14,114x93,matt,
2,2,15,54,matt,
2,2,16,111x111,matt,
2,2,17,69,matt,
2,2,18,12x12,matt,
2,2,19,89x89,matt,
2,2,20,77x96,matt,
2,2,21,92x20,matt,
2,2,22,44x44,matt,
2,2,23,31x31,matt,
2,2,24,117x46,matt,
2,2,25,133,matt,
2,2,26,78x93,matt,
2,2,27,108x108,matt,
2,2,28,4x4,matt,
2,2,29,116,matt,
2,2,30,35x35,matt,
2,2,31,97x93,matt,
2,2,32,69x69,matt,
2,2,33,17x135,matt,
2,2,34,83x46,matt,
2,2,35,70,matt,
2,2,36,94x94,matt,
2,2,37,110,matt,
2,2,38,blank,matt,
2,2,39,120x120,matt,
2,2,40,47x46,matt,
2,2,41,42x93,matt,
2,2,42,81,matt,
2,2,43,28x67,matt,
2,2,44,119x93,matt,
2,2,45,20,matt,
2,2,46,100,matt,
2,2,47,88,matt,
2,2,48,26,matt,
2,2,49,116,matt,
2,2,50,62x67,matt,
2,2,51,106,matt,
2,2,52,32x32,matt,
2,2,53,58x58,matt,
2,2,54,106,matt,
2,2,55,107,matt,
2,2,56,3,matt,
2,2,57,65x65,matt,
2,2,58,108x20,matt,
2,2,59,69x69,matt,
2,2,60,35,matt,
2,2,61,106x96,matt,
2,2,62,11x67,matt,
2,2,63,11,matt,
2,2,64,59x20,matt,
2,2,65,79x96,matt,
2,2,66,35,matt,
2,2,67,133x133,matt,
2,2,68,71,matt,
2,2,69,134x135,matt,
2,2,70,136x136,matt,
2,2,71,112x93,matt,
2,2,72,98x98,matt,
2,2,73,27x27,matt,
2,2,74,67x67,matt,
2,2,75,14x14,matt,
2,2,76,116,matt,
2,2,77,124,matt,
2,2,78,44,matt,
2,2,79,27x27,matt,
2,2,80,64,matt,
2,2,81,37x135,matt,
2,2,82,31,matt,
2,2,83,47x47,matt,
2,2,84,38,matt,
2,2,85,76x76,matt,
2,2,86,50x46,matt,
2,2,87,92,matt,
2,2,88,75x20,matt,
2,2,89,66x93,matt,
2,2,90,46x46,matt,
2,2,91,20x20,matt,
2,2,92,135x135,matt,
2,2,93,87,matt,
2,2,94,76x96,matt,
2,2,95,119x119,matt,
2,2,96,41x41,matt,
2,2,97,19x19,matt,
2,2,98,105,matt,
2,2,99,118,matt,
2,2,100,130,matt,
2,2,101,2x2,matt,
2,2,102,33x20,matt,
2,2,103,82x82,matt,
2,2,104,54x96,matt,
2,2,105,22x96,matt,
2,2,106,2x93,matt,
2,2,107,111x93,matt,
2,2,108,82x93,matt,
2,2,109,107x107,matt,
2,2,110,22x96,matt,
2,2,111,blank,matt,
2,2,112,126x93,matt,
2,2,113,128x135,matt,
2,2,114,116x135,matt,
2,2,115,7x135,matt,
2,2,116,77,matt,
2,2,117,136x20,matt,
2,2,118,blank,matt,
2,2,119,72x72,matt,
2,2,120,18x67,matt,
2,2,121,118x118,matt,
2,2,122,70x70,matt,
2,2,123,88,matt,
2,2,124,82x93,matt,
2,2,125,35,matt,
2,2,126,32x32,matt,
2,2,127,35x46,matt,
2,2,128,105x67,matt,
2,2,129,46x46,matt,
2,2,130,131x135,matt,
2,2,131,32x32,matt,
2,2,132,37,matt,
2,2,133,128,matt,
2,2,134,31,matt,
2,2,135,121x67,matt,
2,2,136,28,matt,
2,2,137,85x85,matt,
2,2,138,127x93,matt,
2,2,139,blank,matt,
2,2,140,102,matt,
2,2,141,66,matt,
2,2,142,66x66,matt,
2,2,143,114x114,matt,
2,2,144,73x135,matt,
2,2,145,120x120,matt,
2,2,146,123,matt,
2,2,147,5x5,matt,
2,2,148,7,matt,
2,2,149,67,matt,
2,2,150,43x20,matt,
2,2,151,33x33,matt,
2,2,152,104x104,matt,
2,2,153,82x93,matt,
2,2,154,91x20,matt,
2,2,155,4x46,matt,
2,2,156,65,matt,
2,2,157,103x103,matt,
2,2,158,107x135,matt,
2,2,159,101x101,matt,
2,2,160,28,matt,
2,2,161,12x20,matt,
2,2,162,80x135,matt,
2,2,163,5x20,matt,
2,2,164,105,matt,
2,2,165,111,matt,
2,2,166,118x93,matt,
2,2,167,49,matt,
2,2,168,123x20,matt,
2,2,169,73x135,matt,
2,2,170,11x11,matt,
2,2,171,122,matt,
2,2,172,29,matt,
2,2,173,129x129,matt,
2,2,174,18x18,matt,
2,2,175,105x67,matt,
2,2,176,97,matt,
2,2,177,14,matt,
2,2,178,46x46,matt,
2,2,179,77x96,matt,
2,2,180,48,matt,
2,2,181,36x20,matt,
2,2,182,110,matt,
2,2,183,74,matt,
2,2,184,16,matt,
2,2,185,54x96,matt,
2,2,186,126,matt,
2,2,187,61,matt,
2,2,188,76,matt,
2,2,189,120x46,matt,
2,2,190,54x54,matt,
2,2,191,118x118,matt,
2,2,192,27x20,matt,
2,2,193,6x6,matt,
2,2,194,80x135,matt,
2,2,195,3x3,matt,
2,2,196,51,matt,
2,2,197,86,matt,
2,2,198,60x135,matt,
2,2,199,116,matt,
2,2,200,134x134,matt,
3,2,1,79,linnea,
3,2,2,125,linnea,
3,2,3,blank,linnea,
3,2,4,86x46,linnea,
3,2,5,4,linnea,
3,2,6,1,linnea,
3,2,7,5,linnea,
3,2,8,124x124,linnea,
3,2,9,9x46,linnea,
3,2,10,4,linnea,
3,2,11,44x67,linnea,
3,2,12,46x96,linnea,
3,2,13,46,linnea,
3,2,14,71,linnea,
3,2,15,47,linnea,
3,2,16,83,linnea,
3,2,17,12,linnea,
3,2,18,91x20,linnea,
3,2,19,78,linnea,
3,2,20,62,linnea,
3,2,21,115x20,linnea,
3,2,22,19x67,linnea,
3,2,23,103x103,linnea,
3,2,24,6x6,linnea,
3,2,25,50,linnea,
3,2,26,133x133,linnea,
3,2,27,10x10,linnea,
3,2,28,119,linnea,
3,2,29,70x70,linnea,
3,2,30,78,linnea,
3,2,31,26x46,linnea,
3,2,32,8,linnea,
3,2,33,30x67,linnea,
3,2,34,22,linnea,
3,2,35,117x117,linnea,
3,2,36,12x20,linnea,
3,2,37,99x46,linnea,
3,2,38,53x53,linnea,
3,2,39,35,linnea,
3,2,40,26,linnea,
3,2,41,94,linnea,
3,2,42,8x93,linnea,
3,2,43,101x20,linnea,
3,2,44,89,linnea,
3,2,45,105x105,linnea,
3,2,46,56,linnea,
3,2,47,57,linnea,
3,2,48,127,linnea,
3,2,49,53x53,linnea,
3,2,50,79,linnea,
3,2,51,120,linnea,
3,2,52,51,linnea,
3,2,53,89,linnea,
3,2,54,99,linnea,
3,2,55,2x2,linnea,
3,2,56,1,linnea,
3,2,57,42,linnea,
3,2,58,60x60,linnea,
3,2,59,80x80,linnea,
3,2,60,117x117,linnea,
3,2,61,69x69,linnea,
3,2,62,133x133,linnea,
3,2,63,120,linnea,
3,2,64,98x98,linnea,
3,2,65,59,linnea,
3,2,66,122,linnea,
3,2,67,62x62,linnea,
3,2,68,5x5,linnea,
3,2,69,44x67,linnea,
3,2,70,40x40,linnea,
3,2,71,89,linnea,
3,2,72,120x120,linnea,
3,2,73,35x46,linnea,
3,2,74,135x46,linnea,
3,2,75,133x67,linnea,
3,2,76,88,linnea,
3,2,77,11x11,linnea,
3,2,78,8,linnea,
3,2,79,118,linnea,
3,2,80,135x46,linnea,
3,2,81,26x46,linnea,
3,2,82,20x67,linnea,
3,2,83,20x20,linnea,
3,2,84,105x105,linnea,
3,2,85,42x93,linnea,
3,2,86,82,linnea,
3,2,87,105x67,linnea,
3,2,88,49x46,linnea,
3,2,89,9x46,linnea,
3,2,90,77x96,linnea,
3,2,91,6x96,linnea,
3,2,92,4x46,linnea,
3,2,93,61x135,linnea,
3,2,94,56,linnea,
3,2,95,110x93,linnea,
3,2,96,136x136,linnea,
3,2,97,96x46,linnea,
3,2,98,56x67,linnea,
3,2,99,36,linnea,
3,2,100,117x117,linnea,
3,2,101,111x111,linnea,
3,2,102,71x71,linnea,
3,2,103,47x47,linnea,
3,2,104,48x135,linnea,
3,2,105,46x96,linnea,
3,2,106,69x67,linnea,
3,2,107,69x69,linnea,
3,2,108,9x46,linnea,
3,2,109,18x18,linnea,
3,2,110,12,linnea,
3,2,111,91,linnea,
3,2,112,32x96,linnea,
3,2,113,88x93,linnea,
3,2,114,107x135,linnea,
3,2,115,112x93,linnea,
3,2,116,31x31,linnea,
3,2,117,129x93,linnea,
3,2,118,75,linnea,
3,2,119,31x46,linnea,
3,2,120,108x108,linnea,
3,2,121,blank,linnea,
3,2,122,91,linnea,
3,2,123,30,linnea,
3,2,124,57x57,linnea,
3,2,125,98x20,linnea,
3,2,126,65x93,linnea,
3,2,127,61,linnea,
3,2,128,28x67,linnea,
3,2,129,55x55,linnea,
3,2,130,90x135,linnea,
3,2,131,101,linnea,
3,2,132,118x93,linnea,
3,2,133,38,linnea,
3,2,134,40,linnea,
3,2,135,134,linnea,
3,2,136,101x101,linnea,
3,2,137,106x96,linnea,
3,2,138,45x45,linnea,
3,2,139,15x15,linnea,
3,2,140,94x96,linnea,
3,2,141,111,linnea,
3,2,142,32,linnea,
3,2,143,109,linnea,
3,2,144,31,linnea,
3,2,145,111,linnea,
3,2,146,98,linnea,
3,2,147,97,linnea,
3,2,148,9x46,linnea,
3,2,149,23x23,linnea,
3,2,150,136,linnea,
3,2,151,107x107,linnea,
3,2,152,57x96,linnea,
3,2,153,38,linnea,
3,2,154,17x135,linnea,
3,2,155,9,linnea,
3,2,156,108x108,linnea,
3,2,157,70x96,linnea,
3,2,158,12x20,linnea,
3,2,159,7x135,linnea,
3,2,160,25,linnea,
3,2,161,33,linnea,
3,2,162,blank,linnea,
3,2,163,58x20,linnea,
3,2,164,10x96,linnea,
3,2,165,56,linnea,
3,2,166,42x93,linnea,
3,2,167,9,linnea,
3,2,168,78x78,linnea,
3,2,169,117x46,linnea,
3,2,170,1,linnea,
3,2,171,108x20,linnea,
3,2,172,36,linnea,
3,2,173,105x105,linnea,
3,2,174,61x135,linnea,
3,2,175,105,linnea,
3,2,176,19x67,linnea,
3,2,177,3x135,linnea,
3,2,178,5,linnea,
3,2,179,100x100,linnea,
3,2,180,81x67,linnea,
3,2,181,112x93,linnea,
3,2,182,78x93,linnea,
3,2,183,23,linnea,
3,2,184,32x96,linnea,
3,2,185,85,linnea,
3,2,186,82x93,linnea,
3,2,187,70,linnea,
3,2,188,112,linnea,
3,2,189,94x94,linnea,
3,2,190,62,linnea,
3,2,191,113x113,linnea,
3,2,192,42x93,linnea,
3,2,193,125x20,linnea,
3,2,194,116,linnea,
3,2,195,120x46,linnea,
3,2,196,120,linnea,
3,2,197,102x102,linnea,
3,2,198,127x127,linnea,
3,2,199,120x46,linnea,
3,2,200,44x44,linnea,
4,2,1,117,linnea,
4,2,2,6x6,linnea,
4,2,3,104,linnea,
4,2,4,57,linnea,
4,2,5,32,linnea,
4,2,6,69x69,linnea,
4,2,7,102x102,linnea,
4,2,8,46x46,linnea,
4,2,9,112x112,linnea,
4,2,10,122x122,linnea,
4,2,11,118,linnea,
4,2,12,91x91,linnea,
4,2,13,110x110,linnea,
4,2,14,28x28,linnea,
4,2,15,53,linnea,
4,2,16,46x96,linnea,
4,2,17,11,linnea,
4,2,18,123x123,linnea,
4,2,19,122,linnea,
4,2,20,41,linnea,
4,2,21,17x135,linnea,
4,2,22,96,linnea,
4,2,23,98x98,linnea,
4,2,24,7,linnea,
4,2,25,109,linnea,
4,2,26,65x93,linnea,
4,2,27,98,linnea,
4,2,28,128,linnea,
4,2,29,71x96,linnea,
4,2,30,30x67,linnea,
4,2,31,60,linnea,
4,2,32,106x96,linnea,
4,2,33,111,linnea,
4,2,34,62x67,linnea,
4,2,35,72,linnea,
4,2,36,45x67,linnea,
4,2,37,121x67,linnea,
4,2,38,50x46,linnea,
4,2,39,136x20,linnea,
4,2,40,91x91,linnea,
4,2,41,60x135,linnea,
4,2,42,3x3,linnea,
4,2,43,126x126,linnea,
4,2,44,8x93,linnea,
4,2,45,68x68,linnea,
4,2,46,88x88,linnea,
4,2,47,38x38,linnea,
4,2,48,40,linnea,
4,2,49,73x135,linnea,
4,2,50,43,linnea,
4,2,51,122x67,linnea,
4,2,52,77x77,linnea,
4,2,53,60x60,linnea,
4,2,54,124x124,linnea,
4,2,55,61x135,linnea,
4,2,56,131,linnea,
4,2,57,111x93,linnea,
4,2,58,74x135,linnea,
4,2,59,77,linnea,
4,2,60,55,linnea,
4,2,61,47,linnea,
4,2,62,112,linnea,
4,2,63,22x22,linnea,
4,2,64,85x93,linnea,
4,2,65,11x11,linnea,
4,2,66,24x24,linnea,
4,2,67,37x37,linnea,
4,2,68,20x20,linnea,
4,2,69,59,linnea,
4,2,70,33x20,linnea,
4,2,71,90x135,linnea,
4,2,72,1x67,linnea,
4,2,73,82x82,linnea,
4,2,74,110,linnea,
4,2,75,74x135,linnea,
4,2,76,122,linnea,
4,2,77,55,linnea,
4,2,78,11x11,linnea,
4,2,79,70,linnea,
4,2,80,1,linnea,
4,2,81,81,linnea,
4,2,82,16x16,linnea,
4,2,83,125x125,linnea,
4,2,84,blank,linnea,
4,2,85,115x20,linnea,
4,2,86,1,linnea,
4,2,87,94,linnea,
4,2,88,72,linnea,
4,2,89,9,linnea,
4,2,90,113x93,linnea,
4,2,91,41x41,linnea,
4,2,92,57,linnea,
4,2,93,26x26,linnea,
4,2,94,89x135,linnea,
4,2,95,20,linnea,
4,2,96,127x93,linnea,
4,2,97,85x85,linnea,
4,2,98,28x67,linnea,
4,2,99,34,linnea,
4,2,100,134,linnea,
4,2,101,23x20,linnea,
4,2,102,122,linnea,
4,2,103,12x20,linnea,
4,2,104,18,linnea,
4,2,105,109,linnea,
4,2,106,60,linnea,
4,2,107,113,linnea,
4,2,108,69x69,linnea,
4,2,109,8x93,linnea,
4,2,110,80x80,linnea,
4,2,111,102x102,linnea,
4,2,112,30,linnea,
4,2,113,115x115,linnea,
4,2,114,62,linnea,
4,2,115,107x107,linnea,
4,2,116,16,linnea,
4,2,117,68x20,linnea,
4,2,118,99,linnea,
4,2,119,3x3,linnea,
4,2,120,53x96,linnea,
4,2,121,116,linnea,
4,2,122,80,linnea,
4,2,123,123,linnea,
4,2,124,102x67,linnea,
4,2,125,2x2,linnea,
4,2,126,75,linnea,
4,2,127,92x20,linnea,
4,2,128,27x20,linnea,
4,2,129,32,linnea,
4,2,130,33x33,linnea,
4,2,131,25x96,linnea,
4,2,132,103x103,linnea,
4,2,133,100x46,linnea,
4,2,134,113,linnea,
4,2,135,116x116,linnea,
4,2,136,27x27,linnea,
4,2,137,9x9,linnea,
4,2,138,54x96,linnea,
4,2,139,89x89,linnea,
4,2,140,9x9,linnea,
4,2,141,92x20,linnea,
4,2,142,56,linnea,
4,2,143,90x90,linnea,
4,2,144,59x59,linnea,
4,2,145,67x67,linnea,
4,2,146,60x135,linnea,
4,2,147,99,linnea,
4,2,148,6x6,linnea,
4,2,149,36x20,linnea,
4,2,150,58x58,linnea,
4,2,151,9x9,linnea,
4,2,152,56x67,linnea,
4,2,153,122,linnea,
4,2,154,80,linnea,
4,2,155,54x54,linnea,
4,2,156,16x16,linnea,
4,2,157,78x78,linnea,
4,2,158,27x20,linnea,
4,2,159,109,linnea,
4,2,160,107x107,linnea,
4,2,161,24x135,linnea,
4,2,162,26,linnea,
4,2,163,23x23,linnea,
4,2,164,33,linnea,
4,2,165,118x93,linnea,
4,2,166,38,linnea,
4,2,167,101x101,linnea,
4,2,168,94x94,linnea,
4,2,169,79,linnea,
4,2,170,11x67,linnea,
4,2,171,97x97,linnea,
4,2,172,19x67,linnea,
4,2,173,35x35,linnea,
4,2,174,89x89,linnea,
4,2,175,22,linnea,
4,2,176,67x93,linnea,
4,2,177,45,linnea,
4,2,178,130x46,linnea,
4,2,179,85x85,linnea,
4,2,180,56x67,linnea,
4,2,181,75x20,linnea,
4,2,182,49x46,linnea,
4,2,183,89x135,linnea,
4,2,184,29,linnea,
4,2,185,127x127,linnea,
4,2,186,136x20,linnea,
4,2,187,70x70,linnea,
4,2,188,130x130,linnea,
4,2,189,blank,linnea,
4,2,190,96x96,linnea,
4,2,191,88x93,linnea,
4,2,192,56x56,linnea,
4,2,193,72x72,linnea,
4,2,194,53x53,linnea,
4,2,195,19x19,linnea,
4,2,196,100x46,linnea,
4,2,197,8,linnea,
4,2,198,82x82,linnea,
4,2,199,2x93,linnea,
4,2,200,32x96,linnea,
5,2,1,110,linnea,
5,2,2,115x115,linnea,
5,2,3,130x130,linnea,
5,2,4,1x1,linnea,
5,2,5,47,linnea,
5,2,6,12x12,linnea,
5,2,7,1x1,linnea,
5,2,8,40x135,linnea,
5,2,9,49,linnea,
5,2,10,109x67,linnea,
5,2,11,110x110,linnea,
5,2,12,45x67,linnea,
5,2,13,5,linnea,
5,2,14,43x43,linnea,
5,2,15,93x67,linnea,
5,2,16,25,linnea,
5,2,17,128x128,linnea,
5,2,18,70,linnea,
5,2,19,24x24,linnea,
5,2,20,56x56,linnea,
5,2,21,96x46,linnea,
5,2,22,63x63,linnea,
5,2,23,49,linnea,
5,2,24,11x11,linnea,
5,2,25,35x35,linnea,
5,2,26,113x113,linnea,
5,2,27,36x20,linnea,
5,2,28,63,linnea,
5,2,29,123,linnea,
5,2,30,37,linnea,
5,2,31,2,linnea,
5,2,32,108,linnea,
5,2,33,26x46,linnea,
5,2,34,64x46,linnea,
5,2,35,41,linnea,
5,2,36,10x96,linnea,
5,2,37,80,linnea,
5,2,38,78x78,linnea,
5,2,39,38x38,linnea,
5,2,40,47,linnea,
5,2,41,103,linnea,
5,2,42,96,linnea,
5,2,43,62x62,linnea,
5,2,44,34,linnea,
5,2,45,136x20,linnea,
5,2,46,86x86,linnea,
5,2,47,92,linnea,
5,2,48,100x100,linnea,
5,2,49,83x46,linnea,
5,2,50,63x63,linnea,
5,2,51,72x72,linnea,
5,2,52,43,linnea,
5,2,53,116x135,linnea,
5,2,54,96,linnea,
5,2,55,59x20,linnea,
5,2,56,10,linnea,
5,2,57,47x46,linnea,
5,2,58,70x70,linnea,
5,2,59,20x20,linnea,
5,2,60,61,linnea,
5,2,61,blank,linnea,
5,2,62,33x33,linnea,
5,2,63,19,linnea,
5,2,64,36,linnea,
5,2,65,45x67,linnea,
5,2,66,59x59,linnea,
5,2,67,110x110,linnea,
5,2,68,112,linnea,
5,2,69,104,linnea,
5,2,70,114x114,linnea,
5,2,71,8x8,linnea,
5,2,72,113x93,linnea,
5,2,73,9,linnea,
5,2,74,30,linnea,
5,2,75,75x20,linnea,
5,2,76,106,linnea,
5,2,77,68,linnea,
5,2,78,98x20,linnea,
5,2,79,99,linnea,
5,2,80,98x98,linnea,
5,2,81,24,linnea,
5,2,82,116,linnea,
5,2,83,79x79,linnea,
5,2,84,98x98,linnea,
5,2,85,70,linnea,
5,2,86,69x69,linnea,
5,2,87,46x96,linnea,
5,2,88,108,linnea,
5,2,89,23x23,linnea,
5,2,90,14x14,linnea,
5,2,91,4x4,linnea,
5,2,92,55x67,linnea,
5,2,93,127x93,linnea,
5,2,94,54,linnea,
5,2,95,26,linnea,
5,2,96,130x46,linnea,
5,2,97,20x20,linnea,
5,2,98,70x70,linnea,
5,2,99,62x62,linnea,
5,2,100,107,linnea,
5,2,101,134,linnea,
5,2,102,41,linnea,
5,2,103,68x20,linnea,
5,2,104,73x73,linnea,
5,2,105,25x25,linnea,
5,2,106,blank,linnea,
5,2,107,117x117,linnea,
5,2,108,15x67,linnea,
5,2,109,69x67,linnea,
5,2,110,97,linnea,
5,2,111,40x40,linnea,
5,2,112,68x68,linnea,
5,2,113,18x67,linnea,
5,2,114,6,linnea,
5,2,115,71x71,linnea,
5,2,116,41x96,linnea,
5,2,117,130x46,linnea,
5,2,118,109x67,linnea,
5,2,119,89x89,linnea,
5,2,120,72,linnea,
5,2,121,51x51,linnea,
5,2,122,29,linnea,
5,2,123,77x96,linnea,
5,2,124,135x46,linnea,
5,2,125,129x93,linnea,
5,2,126,93x93,linnea,
5,2,127,14,linnea,
5,2,128,59,linnea,
5,2,129,77x96,linnea,
5,2,130,65,linnea,
5,2,131,94,linnea,
5,2,132,133x67,linnea,
5,2,133,blank,linnea,
5,2,134,74x74,linnea,
5,2,135,30x67,linnea,
5,2,136,92,linnea,
5,2,137,24x135,linnea,
5,2,138,105,linnea,
5,2,139,130,linnea,
5,2,140,68x20,linnea,
5,2,141,49x46,linnea,
5,2,142,116x135,linnea,
5,2,143,130,linnea,
5,2,144,121,linnea,
5,2,145,121,linnea,
5,2,146,20,linnea,
5,2,147,82x93,linnea,
5,2,148,27x27,linnea,
5,2,149,45x67,linnea,
5,2,150,90x135,linnea,
5,2,151,65x93,linnea,
5,2,152,45,linnea,
5,2,153,1x67,linnea,
5,2,154,131x135,linnea,
5,2,155,18,linnea,
5,2,156,46x46,linnea,
5,2,157,24x24,linnea,
5,2,158,53,linnea,
5,2,159,136,linnea,
5,2,160,63,linnea,
5,2,161,120x120,linnea,
5,2,162,75,linnea,
5,2,163,60,linnea,
5,2,164,25x25,linnea,
5,2,165,126x126,linnea,
5,2,166,blank,linnea,
5,2,167,18,linnea,
5,2,168,44,linnea,
5,2,169,77,linnea,
5,2,170,6x96,linnea,
5,2,171,92x20,linnea,
5,2,172,54x96,linnea,
5,2,173,88x93,linnea,
5,2,174,33,linnea,
5,2,175,17,linnea,
5,2,176,19x67,linnea,
5,2,177,blank,linnea,
5,2,178,118x93,linnea,extra liquid accidentally added
5,2,179,37x37,linnea,
5,2,180,87x87,linnea,
5,2,181,43x20,linnea,
5,2,182,102x67,linnea,
5,2,183,76,linnea,
5,2,184,114x114,linnea,
5,2,185,25x25,linnea,
5,2,186,121x67,linnea,
5,2,187,64x46,linnea,
5,2,188,58,linnea,extra liquid accidentally added
5,2,189,44x67,linnea,
5,2,190,85,linnea,
5,2,191,124,linnea,
5,2,192,6x6,linnea,
5,2,193,10x10,linnea,
5,2,194,66,linnea,
5,2,195,64,linnea,
5,2,196,128,linnea,
5,2,197,50,linnea,
5,2,198,75x20,linnea,
5,2,199,blank,linnea,
5,2,200,123x20,linnea,
6,2,1,64x46,matt,
6,2,2,121x121,matt,
6,2,3,76x96,matt,
6,2,4,16x16,matt,
6,2,5,96x46,matt,
6,2,6,47x47,matt,
6,2,7,37x135,matt,
6,2,8,119x119,matt,
6,2,9,63x63,matt,
6,2,10,66,matt,
6,2,11,103x103,matt,
6,2,12,66,matt,
6,2,13,77,matt,
6,2,14,101x101,matt,
6,2,15,4,matt,
6,2,16,89x135,matt,
6,2,17,30x67,matt,
6,2,18,28,matt,
6,2,19,46,matt,
6,2,20,61x135,matt,
6,2,21,118x118,matt,
6,2,22,7x135,matt,
6,2,23,10x10,matt,
6,2,24,97x93,matt,
6,2,25,77,matt,
6,2,26,15,matt,
6,2,27,128x135,matt,
6,2,28,106x106,matt,
6,2,29,126x93,matt,
6,2,30,110,matt,
6,2,31,76x76,matt,
6,2,32,110x110,matt,
6,2,33,38x46,matt,
6,2,34,31x31,matt,
6,2,35,blank,matt,
6,2,36,128,matt,
6,2,37,90x90,matt,
6,2,38,45x67,matt,
6,2,39,61x61,matt,
6,2,40,133,matt,
6,2,41,14,matt,
6,2,42,73x73,matt,
6,2,43,94,matt,
6,2,44,3x135,matt,
6,2,45,16,matt,
6,2,46,86x46,matt,
6,2,47,53x96,matt,
6,2,48,3x135,matt,
6,2,49,28x67,matt,
6,2,50,117,matt,
6,2,51,134,matt,
6,2,52,55x55,matt,
6,2,53,136x136,matt,
6,2,54,7x135,matt,
6,2,55,35,matt,
6,2,56,127x93,matt,
6,2,57,17x17,matt,
6,2,58,135x135,matt,
6,2,59,1x67,matt,
6,2,60,56x67,matt,
6,2,61,18x18,matt,
6,2,62,69,matt,
6,2,63,85x93,matt,
6,2,64,28x28,matt,
6,2,65,51x93,matt,
6,2,66,91,matt,
6,2,67,15,matt,
6,2,68,10x96,matt,
6,2,69,46x96,matt,
6,2,70,83x46,matt,
6,2,71,7x135,matt,
6,2,72,19,matt,
6,2,73,42x42,matt,
6,2,74,35x46,matt,
6,2,75,115x20,matt,
6,2,76,136x136,matt,
6,2,77,4x46,matt,
6,2,78,104,matt,
6,2,79,125x125,matt,
6,2,80,12x12,matt,
6,2,81,90x90,matt,
6,2,82,92x92,matt,
6,2,83,6,matt,
6,2,84,77x77,matt,
6,2,85,85,matt,
6,2,86,19,matt,
6,2,87,14x14,matt,
6,2,88,blank,matt,
6,2,89,1,matt,
6,2,90,71x96,matt,
6,2,91,78x78,matt,
6,2,92,56x67,matt,
6,2,93,74x135,matt,
6,2,94,69,matt,
6,2,95,27x27,matt,
6,2,96,53x96,matt,
6,2,97,blank,matt,
6,2,98,8x8,matt,
6,2,99,87,matt,
6,2,100,90,matt,
6,2,101,134,matt,
6,2,102,50x46,matt,
6,2,103,99x99,matt,
6,2,104,47,matt,
6,2,105,75,matt,
6,2,106,78x78,matt,
6,2,107,57,matt,
6,2,108,54x96,matt,
6,2,109,124x124,matt,
6,2,110,54,matt,
6,2,111,106x106,matt,
6,2,112,48x48,matt,
6,2,113,42x42,matt,
6,2,114,129x93,matt,
6,2,115,6,matt,
6,2,116,12x20,matt,
6,2,117,92,matt,
6,2,118,36x36,matt,
6,2,119,111x93,matt,
6,2,120,51x93,matt,
6,2,121,1,matt,
6,2,122,73x135,matt,
6,2,123,63,matt,
6,2,124,119,matt,
6,2,125,77,matt,
6,2,126,104x67,matt,
6,2,127,77x96,matt,
6,2,128,68x20,matt,
6,2,129,129x93,matt,
6,2,130,2,matt,
6,2,131,37x135,matt,
6,2,132,117x46,matt,
6,2,133,43,matt,
6,2,134,120x46,matt,
6,2,135,80x135,matt,
6,2,136,82x82,matt,
6,2,137,93x93,matt,
6,2,138,133x67,matt,
6,2,139,130,matt,
6,2,140,36,matt,
6,2,141,19x19,matt,
6,2,142,90x135,matt,
6,2,143,113,matt,
6,2,144,108x108,matt,
6,2,145,81x81,matt,
6,2,146,133x67,matt,
6,2,147,7x7,matt,
6,2,148,45x45,matt,
6,2,149,93,matt,
6,2,150,71x71,matt,
6,2,151,34x34,matt,
6,2,152,60x60,matt,
6,2,153,125x125,matt,
6,2,154,97x97,matt,
6,2,155,89x89,matt,
6,2,156,72x96,matt,
6,2,157,74x74,matt,
6,2,158,32x32,matt,
6,2,159,59x59,matt,
6,2,160,106x106,matt,
6,2,161,98,matt,
6,2,162,36x36,matt,
6,2,163,34x34,matt,
6,2,164,19x19,matt,
6,2,165,11x67,matt,
6,2,166,49x46,matt,
6,2,167,57x57,matt,
6,2,168,117x46,matt,
6,2,169,51x51,matt,
6,2,170,90,matt,
6,2,171,36x20,matt,
6,2,172,135x46,matt,
6,2,173,128x128,matt,
6,2,174,91x20,matt,
6,2,175,72x96,matt,
6,2,176,24,matt,
6,2,177,111,matt,
6,2,178,134x135,matt,
6,2,179,98,matt,
6,2,180,67x67,matt,
6,2,181,104,matt,
6,2,182,44x44,matt,
6,2,183,96x46,matt,
6,2,184,76,matt,
6,2,185,69x67,matt,
6,2,186,118x93,matt,
6,2,187,86x86,matt,
6,2,188,97,matt,
6,2,189,12x20,matt,
6,2,190,96x46,matt,
6,2,191,119x93,matt,
6,2,192,91x91,matt,
6,2,193,55x55,matt,
6,2,194,47,matt,
6,2,195,35x46,matt,
6,2,196,71x96,matt,
6,2,197,67x93,matt,
6,2,198,35x35,matt,
6,2,199,27x20,matt,
6,2,200,96x46,matt,
7,2,1,119x119,linnea,
7,2,2,80,linnea,
7,2,3,101,linnea,
7,2,4,102,linnea,
7,2,5,23x20,linnea,
7,2,6,106x96,linnea,
7,2,7,71x71,linnea,
7,2,8,65x65,linnea,
7,2,9,blank,linnea,
7,2,10,80x135,linnea,
7,2,11,12,linnea,
7,2,12,119,linnea,
7,2,13,68x68,linnea,
7,2,14,37,linnea,
7,2,15,41,linnea,
7,2,16,40x40,linnea,
7,2,17,16x16,linnea,
7,2,18,110x93,linnea,
7,2,19,81x67,linnea,
7,2,20,87x96,linnea,
7,2,21,89,linnea,
7,2,22,31,linnea,
7,2,23,54x54,linnea,
7,2,24,64x46,linnea,
7,2,25,76x76,linnea,
7,2,26,80x80,linnea,
7,2,27,89,linnea,
7,2,28,14x46,linnea,
7,2,29,45,linnea,
7,2,30,60x135,linnea,
7,2,31,1x1,linnea,
7,2,32,68x68,linnea,
7,2,33,31,linnea,
7,2,34,20,linnea,
7,2,35,124x124,linnea,
7,2,36,125,linnea,
7,2,37,113x113,linnea,
7,2,38,74,linnea,
7,2,39,6x96,linnea,
7,2,40,101,linnea,
7,2,41,17,linnea,
7,2,42,133x133,linnea,
7,2,43,40x40,linnea,
7,2,44,16x16,linnea,
7,2,45,118x118,linnea,
7,2,46,20x20,linnea,
7,2,47,121x67,linnea,
7,2,48,17x17,linnea,
7,2,49,115x20,linnea,
7,2,50,10x96,linnea,
7,2,51,2x93,linnea,
7,2,52,104x104,linnea,
7,2,53,114,linnea,
7,2,54,31x46,linnea,
7,2,55,66x66,linnea,
7,2,56,23x20,linnea,
7,2,57,73x73,linnea,
7,2,58,53x53,linnea,
7,2,59,16,linnea,
7,2,60,blank,linnea,
7,2,61,113x113,linnea,
7,2,62,81x81,linnea,
7,2,63,56x56,linnea,
7,2,64,57x57,linnea,
7,2,65,136x20,linnea,
7,2,66,50x50,linnea,
7,2,67,76x76,linnea,
7,2,68,91,linnea,
7,2,69,118x93,linnea,
7,2,70,26x46,linnea,
7,2,71,50x50,linnea,
7,2,72,8,linnea,
7,2,73,117,linnea,
7,2,74,blank,linnea,
7,2,75,113x113,linnea,
7,2,76,71x71,linnea,
7,2,77,18,linnea,
7,2,78,60x60,linnea,
7,2,79,65x65,linnea,
7,2,80,57x96,linnea,
7,2,81,44x44,linnea,
7,2,82,46x96,linnea,
7,2,83,65x65,linnea,
7,2,84,136,linnea,
7,2,85,118,linnea,
7,2,86,115x115,linnea,
7,2,87,15x15,linnea,
7,2,88,106x96,linnea,
7,2,89,89,linnea,
7,2,90,70x70,linnea,
7,2,91,102x102,linnea,
7,2,92,128x128,linnea,
7,2,93,111x111,linnea,
7,2,94,87x87,linnea,
7,2,95,15x67,linnea,
7,2,96,119x93,linnea,
7,2,97,107,linnea,
7,2,98,58,linnea,
7,2,99,87,linnea,
7,2,100,31x31,linnea,
7,2,101,10,linnea,
7,2,102,75x20,linnea,
7,2,103,83x46,linnea,
7,2,104,134x135,linnea,
7,2,105,63x63,linnea,
7,2,106,124x20,linnea,
7,2,107,38x46,linnea,
7,2,108,62x67,linnea,
7,2,109,110x110,linnea,
7,2,110,93,linnea,
7,2,111,133,linnea,
7,2,112,118x118,linnea,
7,2,113,24,linnea,
7,2,114,112x112,linnea,
7,2,115,14x14,linnea,
7,2,116,102x67,linnea,
7,2,117,8x93,linnea,
7,2,118,56,linnea,
7,2,119,2x93,linnea,
7,2,120,22x22,linnea,
7,2,121,92x20,linnea,
7,2,122,73,linnea,
7,2,123,36x20,linnea,
7,2,124,130x130,linnea,
7,2,125,76,linnea,
7,2,126,114x93,linnea,
7,2,127,118,linnea,
7,2,128,119x119,linnea,
7,2,129,134,linnea,
7,2,130,92x92,linnea,
7,2,131,6x6,linnea,
7,2,132,63x63,linnea,
7,2,133,117,linnea,
7,2,134,53,linnea,
7,2,135,3x135,linnea,
7,2,136,134x135,linnea,
7,2,137,128,linnea,
7,2,138,135,linnea,
7,2,139,72,linnea,
7,2,140,59x59,linnea,
7,2,141,40,linnea,
7,2,142,37x135,linnea,
7,2,143,102x67,linnea,
7,2,144,51x51,linnea,
7,2,145,9x46,linnea,
7,2,146,104,linnea,
7,2,147,134,linnea,
7,2,148,106x96,linnea,
7,2,149,135,linnea,
7,2,150,20x20,linnea,
7,2,151,70,linnea,
7,2,152,119x119,linnea,
7,2,153,71x96,linnea,
7,2,154,91x20,linnea,
7,2,155,81x81,linnea,
7,2,156,6x96,linnea,
7,2,157,87x96,linnea,
7,2,158,55,linnea,
7,2,159,85x93,linnea,
7,2,160,74,linnea,
7,2,161,24x24,linnea,
7,2,162,83,linnea,
7,2,163,126x126,linnea,
7,2,164,114x93,linnea,
7,2,165,blank,linnea,
7,2,166,60,linnea,
7,2,167,66x66,linnea,
7,2,168,95x95,linnea,
7,2,169,1x67,linnea,
7,2,170,71x96,linnea,
7,2,171,15x67,linnea,
7,2,172,112x93,linnea,
7,2,173,101,linnea,
7,2,174,7x7,linnea,
7,2,175,129x129,linnea,
7,2,176,46x96,linnea,
7,2,177,20x67,linnea,
7,2,178,23x23,linnea,
7,2,179,23x23,linnea,
7,2,180,10x10,linnea,
7,2,181,25x25,linnea,
7,2,182,blank,linnea,
7,2,183,3x3,linnea,
7,2,184,85x85,linnea,
7,2,185,91x20,linnea,
7,2,186,40x40,linnea,
7,2,187,38,linnea,
7,2,188,131x135,linnea,
7,2,189,96x96,linnea,
7,2,190,62x62,linnea,
7,2,191,114x93,linnea,
7,2,192,46,linnea,
7,2,193,50,linnea,
7,2,194,61,linnea,
7,2,195,40,linnea,
7,2,196,61x61,linnea,
7,2,197,66,linnea,
7,2,198,43x43,linnea,
7,2,199,121x67,linnea,
7,2,200,127x93,linnea,
8,2,1,123x123,linnea,
8,2,2,5x20,linnea,
8,2,3,27x20,linnea,
8,2,4,94x96,linnea,
8,2,5,64,linnea,
8,2,6,99x46,linnea,
8,2,7,92,linnea,
8,2,8,blank,linnea,
8,2,9,26x26,linnea,
8,2,10,24x135,linnea,
8,2,11,87x87,linnea,
8,2,12,12x12,linnea,
8,2,13,3,linnea,
8,2,14,68x68,linnea,
8,2,15,19x19,linnea,
8,2,16,67,linnea,
8,2,17,82,linnea,
8,2,18,69x67,linnea,
8,2,19,110x110,linnea,
8,2,20,23,linnea,
8,2,21,48x48,linnea,
8,2,22,80,linnea,
8,2,23,2x2,linnea,
8,2,24,120x46,linnea,
8,2,25,101x101,linnea,
8,2,26,11,linnea,
8,2,27,107x107,linnea,
8,2,28,105x105,linnea,
8,2,29,blank,linnea,
8,2,30,99x46,linnea,
8,2,31,111x93,linnea,
8,2,32,58,linnea,
8,2,33,1x1,linnea,
8,2,34,109,linnea,
8,2,35,121,linnea,
8,2,36,10,linnea,
8,2,37,4,linnea,
8,2,38,38,linnea,
8,2,39,87x96,linnea,
8,2,40,41,linnea,
8,2,41,86,linnea,
8,2,42,51,linnea,
8,2,43,8,linnea,
8,2,44,53x53,linnea,
8,2,45,19x67,linnea,
8,2,46,2x93,linnea,
8,2,47,46,linnea,
8,2,48,54,linnea,
8,2,49,4,linnea,
8,2,50,104x67,linnea,
8,2,51,29x135,linnea,
8,2,52,130,linnea,
8,2,53,115x115,linnea,
8,2,54,112,linnea,
8,2,55,69x67,linnea,
8,2,56,100x100,linnea,
8,2,57,67x93,linnea,
8,2,58,102,linnea,
8,2,59,129,linnea,
8,2,60,14x46,linnea,
8,2,61,101,linnea,
8,2,62,29x135,linnea,
8,2,63,77x77,linnea,
8,2,64,89,linnea,
8,2,65,27,linnea,
8,2,66,33x20,linnea,
8,2,67,76x76,linnea,
8,2,68,66x93,linnea,
8,2,69,115,linnea,
8,2,70,90x90,linnea,
8,2,71,100,linnea,
8,2,72,87x87,linnea,
8,2,73,128,linnea,
8,2,74,126x126,linnea,
8,2,75,1,linnea,
8,2,76,69x67,linnea,
8,2,77,58x20,linnea,
8,2,78,79x96,linnea,
8,2,79,33x20,linnea,
8,2,80,36x36,linnea,
8,2,81,128,linnea,
8,2,82,17,linnea,
8,2,83,113x93,linnea,
8,2,84,22x96,linnea,
8,2,85,106,linnea,
8,2,86,60,linnea,
8,2,87,9x46,linnea,
8,2,88,20,linnea,
8,2,89,blank,linnea,
8,2,90,4x46,linnea,
8,2,91,37,linnea,
8,2,92,26x26,linnea,
8,2,93,86x86,linnea,
8,2,94,91x20,linnea,
8,2,95,120,linnea,
8,2,96,73,linnea,
8,2,97,53x53,linnea,
8,2,98,1x1,linnea,
8,2,99,125x20,linnea,
8,2,100,11x11,linnea,
8,2,101,129x129,linnea,
8,2,102,73,linnea,
8,2,103,112,linnea,
8,2,104,9x9,linnea,
8,2,105,130x130,linnea,
8,2,106,101x20,linnea,
8,2,107,49x49,linnea,
8,2,108,70x96,linnea,
8,2,109,59,linnea,
8,2,110,64,linnea,
8,2,111,10x10,linnea,
8,2,112,59x59,linnea,
8,2,113,2x2,linnea,
8,2,114,133x133,linnea,
8,2,115,51x93,linnea,
8,2,116,108x20,linnea,
8,2,117,92,linnea,
8,2,118,25,linnea,
8,2,119,36x36,linnea,
8,2,120,35,linnea,
8,2,121,24,linnea,
8,2,122,71x96,linnea,
8,2,123,118,linnea,
8,2,124,115x115,linnea,
8,2,125,61x61,linnea,
8,2,126,108x20,linnea,
8,2,127,91x91,linnea,
8,2,128,67x67,linnea,
8,2,129,40x40,linnea,
8,2,130,58,linnea,
8,2,131,77,linnea,
8,2,132,72x72,linnea,
8,2,133,122x67,linnea,
8,2,134,55x55,linnea,
8,2,135,60x60,linnea,
8,2,136,116x116,linnea,
8,2,137,95x135,linnea,
8,2,138,blank,linnea,
8,2,139,5,linnea,
8,2,140,41x96,linnea,
8,2,141,73x73,linnea,
8,2,142,128x135,linnea,
8,2,143,2x2,linnea,
8,2,144,59,linnea,
8,2,145,34x34,linnea,
8,2,146,blank,linnea,
8,2,147,78x93,linnea,
8,2,148,23x20,linnea,
8,2,149,59,linnea,
8,2,150,51x51,linnea,
8,2,151,23,linnea,
8,2,152,38x46,linnea,
8,2,153,37x37,linnea,
8,2,154,131x135,linnea,
8,2,155,104x67,linnea,
8,2,156,5,linnea,
8,2,157,65x65,linnea,
8,2,158,127x93,linnea,
8,2,159,102x102,linnea,
8,2,160,20,linnea,
8,2,161,18x67,linnea,
8,2,162,99x99,linnea,
8,2,163,128x135,linnea,
8,2,164,16x46,linnea,
8,2,165,123x123,linnea,
8,2,166,135,linnea,
8,2,167,26x46,linnea,
8,2,168,37x135,linnea,
8,2,169,74,linnea,
8,2,170,60x60,linnea,
8,2,171,2x93,linnea,
8,2,172,53x96,linnea,
8,2,173,66x66,linnea,
8,2,174,125x20,linnea,
8,2,175,81x67,linnea,
8,2,176,9x9,linnea,
8,2,177,134x134,linnea,
8,2,178,5,linnea,
8,2,179,88x93,linnea,
8,2,180,64x64,linnea,
8,2,181,65,linnea,
8,2,182,119x119,linnea,
8,2,183,134x135,linnea,
8,2,184,80x135,linnea,
8,2,185,33,linnea,
8,2,186,37,linnea,
8,2,187,75x75,linnea,
8,2,188,123x20,linnea,
8,2,189,124x20,linnea,
8,2,190,127x93,linnea,
8,2,191,47,linnea,
8,2,192,72x72,linnea,
8,2,193,1x67,linnea,
8,2,194,40x40,linnea,
8,2,195,11x11,linnea,
8,2,196,73x135,linnea,
8,2,197,87x96,linnea,
8,2,198,115x20,linnea,
8,2,199,48,linnea,
8,2,200,58x58,linnea,
9,2,1,72x72,matt,
9,2,2,129x93,matt,
9,2,3,82x93,matt,
9,2,4,105x105,matt,
9,2,5,131x135,matt,
9,2,6,34,matt,
9,2,7,28,matt,
9,2,8,65,matt,
9,2,9,112,matt,
9,2,10,69,matt,
9,2,11,69,matt,
9,2,12,85,matt,
9,2,13,47x47,matt,
9,2,14,27x27,matt,
9,2,15,130x130,matt,
9,2,16,74,matt,
9,2,17,136x136,matt,
9,2,18,122x67,matt,
9,2,19,76x76,matt,
9,2,20,25x96,matt,
9,2,21,77x77,matt,
9,2,22,73,matt,
9,2,23,127,matt,
9,2,24,102,matt,
9,2,25,24,matt,
9,2,26,76,matt,
9,2,27,blank,matt,
9,2,28,136x20,matt,
9,2,29,58x58,matt,
9,2,30,27,matt,
9,2,31,15x67,matt,
9,2,32,34x34,matt,
9,2,33,107,matt,
9,2,34,7,matt,
9,2,35,blank,matt,
9,2,36,91,matt,
9,2,37,56x56,matt,
9,2,38,129,matt,
9,2,39,109x67,matt,
9,2,40,61,matt,
9,2,41,104,matt,
9,2,42,43x20,matt,
9,2,43,18x18,matt,
9,2,44,126x93,matt,
9,2,45,28,matt,
9,2,46,113x93,matt,
9,2,47,62x67,matt,
9,2,48,58x20,matt,
9,2,49,26,matt,
9,2,50,1,matt,
9,2,51,82,matt,
9,2,52,20,matt,
9,2,53,107x107,matt,
9,2,54,106x96,matt,
9,2,55,15x67,matt,
9,2,56,58x20,matt,
9,2,57,94x94,matt,
9,2,58,26x26,matt,
9,2,59,99x46,matt,
9,2,60,128x135,matt,
9,2,61,135x135,matt,
9,2,62,23x23,matt,
9,2,63,9,matt,
9,2,64,135x46,matt,
9,2,65,38x38,matt,
9,2,66,71,matt,
9,2,67,28x67,matt,
9,2,68,70x70,matt,
9,2,69,blank,matt,
9,2,70,112x93,matt,
9,2,71,82,matt,
9,2,72,42,matt,
9,2,73,32,matt,
9,2,74,77x96,matt,
9,2,75,blank,matt,
9,2,76,73,matt,
9,2,77,29x29,matt,
9,2,78,24,matt,
9,2,79,28x67,matt,
9,2,80,112,matt,
9,2,81,56x56,matt,
9,2,82,101x20,matt,
9,2,83,103x103,matt,
9,2,84,blank,matt,
9,2,85,7x135,matt,
9,2,86,98,matt,
9,2,87,blank,matt,
9,2,88,124,matt,
9,2,89,24x24,matt,
9,2,90,128,matt,
9,2,91,101x20,matt,
9,2,92,117x117,matt,
9,2,93,126x93,matt,
9,2,94,125x20,matt,
9,2,95,27,matt,
9,2,96,42x42,matt,
9,2,97,54x54,matt,
9,2,98,112,matt,
9,2,99,34,matt,
9,2,100,18,matt,
9,2,101,16,matt,
9,2,102,26x26,matt,
9,2,103,115x20,matt,
9,2,104,3,matt,
9,2,105,60,matt,
9,2,106,110x93,matt,
9,2,107,34x96,matt,
9,2,108,113x93,matt,
9,2,109,107x135,matt,
9,2,110,3,matt,
9,2,111,110x93,matt,
9,2,112,90x90,matt,
9,2,113,91,matt,
9,2,114,136x136,matt,
9,2,115,96x96,matt,
9,2,116,33x33,matt,
9,2,117,130,matt,
9,2,118,85x93,matt,
9,2,119,102x67,matt,
9,2,120,30,matt,
9,2,121,64x46,matt,
9,2,122,76x96,matt,
9,2,123,56x56,matt,
9,2,124,115,matt,
9,2,125,63x46,matt,
9,2,126,67x93,matt,
9,2,127,100x100,matt,
9,2,128,74,matt,
9,2,129,98x20,matt,
9,2,130,106,matt,
9,2,131,68,matt,
9,2,132,120x120,matt,
9,2,133,54x54,matt,
9,2,134,111x111,matt,
9,2,135,95x135,matt,
9,2,136,62,matt,
9,2,137,70x96,matt,
9,2,138,49x49,matt,
9,2,139,55,matt,
9,2,140,124,matt,
9,2,141,133,matt,
9,2,142,83x46,matt,
9,2,143,75,matt,
9,2,144,109x67,matt,
9,2,145,70x96,matt,
9,2,146,45,matt,
9,2,147,41x96,matt,
9,2,148,55x67,matt,
9,2,149,122,matt,
9,2,150,133x67,matt,
9,2,151,120x46,matt,
9,2,152,107,matt,
9,2,153,91x91,matt,
9,2,154,96x46,matt,
9,2,155,15x15,matt,
9,2,156,122x67,matt,
9,2,157,80x80,matt,
9,2,158,42,matt,
9,2,159,122x122,matt,
9,2,160,11,matt,
9,2,161,59x59,matt,
9,2,162,68,matt,
9,2,163,110x93,matt,
9,2,164,90x135,matt,
9,2,165,73x135,matt,
9,2,166,79x79,matt,
9,2,167,59x20,matt,
9,2,168,48x48,matt,
9,2,169,80x135,matt,
9,2,170,77x96,matt,
9,2,171,105x67,matt,
9,2,172,58,matt,
9,2,173,43x43,matt,
9,2,174,23,matt,
9,2,175,1x1,matt,
9,2,176,86,matt,
9,2,177,114x93,matt,
9,2,178,129x93,matt,
9,2,179,82x82,matt,
9,2,180,81,matt,
9,2,181,66,matt,
9,2,182,59x20,matt,
9,2,183,129,matt,
9,2,184,95,matt,
9,2,185,72x72,matt,
9,2,186,104x104,matt,
9,2,187,18,matt,
9,2,188,93x67,matt,
9,2,189,23,matt,
9,2,190,80,matt,
9,2,191,41x96,matt,
9,2,192,67,matt,
9,2,193,30,matt,
9,2,194,24x135,matt,
9,2,195,58,matt,
9,2,196,5,matt,
9,2,197,50,matt,
9,2,198,88x93,matt,
9,2,199,104x67,matt,
9,2,200,12x20,matt,
10,2,1,60x60,linnea,
10,2,2,82x82,linnea,
10,2,3,91x91,linnea,
10,2,4,25x25,linnea,
10,2,5,81,linnea,
10,2,6,123x123,linnea,
10,2,7,115x115,linnea,
10,2,8,26,linnea,
10,2,9,126x126,linnea,
10,2,10,49x46,linnea,
10,2,11,116x135,linnea,
10,2,12,86x86,linnea,
10,2,13,38x38,linnea,
10,2,14,blank,linnea,
10,2,15,10,linnea,
10,2,16,25x25,linnea,
10,2,17,70,linnea,
10,2,18,98x20,linnea,
10,2,19,61,linnea,
10,2,20,93x93,linnea,
10,2,21,66x93,linnea,
10,2,22,123x20,linnea,
10,2,23,74x74,linnea,
10,2,24,106,linnea,
10,2,25,8x93,linnea,
10,2,26,117,linnea,
10,2,27,80x80,linnea,
10,2,28,blank,linnea,
10,2,29,92x92,linnea,
10,2,30,44x67,linnea,
10,2,31,38x46,linnea,
10,2,32,45x45,linnea,
10,2,33,57,linnea,
10,2,34,34x34,linnea,
10,2,35,106x96,linnea,
10,2,36,92x92,linnea,
10,2,37,128x135,linnea,
10,2,38,87x87,linnea,
10,2,39,47x46,linnea,
10,2,40,116x135,linnea,
10,2,41,26x26,linnea,
10,2,42,15,linnea,
10,2,43,112x112,linnea,
10,2,44,109x67,linnea,
10,2,45,106,linnea,
10,2,46,51,linnea,
10,2,47,111x93,linnea,
10,2,48,23,linnea,
10,2,49,63x46,linnea,
10,2,50,36x20,linnea,
10,2,51,112x112,linnea,
10,2,52,blank,linnea,
10,2,53,95x135,linnea,
10,2,54,51x51,linnea,
10,2,55,59x20,linnea,
10,2,56,135,linnea,
10,2,57,31x46,linnea,
10,2,58,25,linnea,
10,2,59,112x112,linnea,
10,2,60,23,linnea,
10,2,61,46x96,linnea,
10,2,62,90x135,linnea,
10,2,63,94x94,linnea,
10,2,64,104x104,linnea,
10,2,65,60x135,linnea,
10,2,66,107x135,linnea,
10,2,67,32,linnea,
10,2,68,7x7,linnea,
10,2,69,69x69,linnea,
10,2,70,93x67,linnea,
10,2,71,1x1,linnea,
10,2,72,110x110,linnea,
10,2,73,104x67,linnea,
10,2,74,40x40,linnea,
10,2,75,77x96,linnea,
10,2,76,95,linnea,
10,2,77,9x9,linnea,
10,2,78,127x93,linnea,
10,2,79,58,linnea,
10,2,80,128x128,linnea,
10,2,81,124x124,linnea,
10,2,82,118x118,linnea,
10,2,83,110x110,linnea,
10,2,84,111x111,linnea,
10,2,85,62x62,linnea,
10,2,86,119,linnea,
10,2,87,109,linnea,
10,2,88,25x96,linnea,
10,2,89,100x100,linnea,
10,2,90,87,linnea,
10,2,91,125,linnea,
10,2,92,42x93,linnea,
10,2,93,14x46,linnea,
10,2,94,3x3,linnea,
10,2,95,23,linnea,
10,2,96,93,linnea,
10,2,97,120,linnea,
10,2,98,134x134,linnea,
10,2,99,130x46,linnea,
10,2,100,114x114,linnea,
10,2,101,18x18,linnea,
10,2,102,31x46,linnea,
10,2,103,50,linnea,
10,2,104,88,linnea,
10,2,105,67,linnea,
10,2,106,45x67,linnea,
10,2,107,76x76,linnea,
10,2,108,22x96,linnea,
10,2,109,101x101,linnea,
10,2,110,87x96,linnea,
10,2,111,133x133,linnea,
10,2,112,72x72,linnea,
10,2,113,23x20,linnea,
10,2,114,56x56,linnea,
10,2,115,72x96,linnea,
10,2,116,116x116,linnea,
10,2,117,130x46,linnea,
10,2,118,77x96,linnea,
10,2,119,9x46,linnea,
10,2,120,104,linnea,
10,2,121,95x135,linnea,
10,2,122,73x135,linnea,
10,2,123,32x32,linnea,
10,2,124,90,linnea,
10,2,125,47x46,linnea,
10,2,126,65x93,linnea,
10,2,127,46x96,linnea,
10,2,128,120x46,linnea,
10,2,129,12,linnea,
10,2,130,97,linnea,
10,2,131,25,linnea,
10,2,132,95,linnea,
10,2,133,37x135,linnea,
10,2,134,102x102,linnea,
10,2,135,95x95,linnea,
10,2,136,19x67,linnea,
10,2,137,121,linnea,
10,2,138,27x20,linnea,
10,2,139,108,linnea,
10,2,140,135,linnea,
10,2,141,27x20,linnea,
10,2,142,114x93,linnea,
10,2,143,86x46,linnea,
10,2,144,65x65,linnea,
10,2,145,blank,linnea,
10,2,146,120,linnea,
10,2,147,106,linnea,
10,2,148,131,linnea,
10,2,149,80,linnea,
10,2,150,36x36,linnea,
10,2,151,14x46,linnea,
10,2,152,126x126,linnea,
10,2,153,45x67,linnea,
10,2,154,48x135,linnea,
10,2,155,119x93,linnea,
10,2,156,68x20,linnea,
10,2,157,16x16,linnea,
10,2,158,24x135,linnea,
10,2,159,50,linnea,
10,2,160,36x20,linnea,
10,2,161,77,linnea,
10,2,162,87,linnea,
10,2,163,74,linnea,
10,2,164,97x97,linnea,
10,2,165,36x36,linnea,
10,2,166,101x101,linnea,
10,2,167,79x96,linnea,
10,2,168,18x67,linnea,
10,2,169,4x4,linnea,
10,2,170,blank,linnea,
10,2,171,49,linnea,
10,2,172,44x44,linnea,
10,2,173,54x96,linnea,
10,2,174,51,linnea,
10,2,175,81x67,linnea,
10,2,176,95x95,linnea,
10,2,177,69,linnea,
10,2,178,56,linnea,
10,2,179,105x67,linnea,
10,2,180,115x115,linnea,
10,2,181,114x114,linnea,
10,2,182,17,linnea,
10,2,183,15x67,linnea,
10,2,184,61,linnea,
10,2,185,117,linnea,
10,2,186,blank,linnea,
10,2,187,72,linnea,
10,2,188,48x48,linnea,
10,2,189,127x93,linnea,
10,2,190,55x67,linnea,
10,2,191,7x7,linnea,
10,2,192,32,linnea,
10,2,193,10x10,linnea,
10,2,194,79x96,linnea,
10,2,195,69,linnea,
10,2,196,67,linnea,
10,2,197,76,linnea,
10,2,198,49,linnea,
10,2,199,19x19,linnea,
10,2,200,47,linnea,
11,2,1,51x93,matt,
11,2,2,49x49,matt,
11,2,3,123x20,matt,
11,2,4,3x3,matt,
11,2,5,55,matt,
11,2,6,74x74,matt,
11,2,7,11x67,matt,
11,2,8,77x96,matt,
11,2,9,125x20,matt,
11,2,10,blank,matt,
11,2,11,11x11,matt,
11,2,12,134x134,matt,
11,2,13,70x70,matt,
11,2,14,57x96,matt,
11,2,15,28x28,matt,
11,2,16,121x121,matt,
11,2,17,14x14,matt,
11,2,18,68x20,matt,
11,2,19,82x82,matt,
11,2,20,71x71,matt,
11,2,21,136x136,matt,
11,2,22,95,matt,
11,2,23,136,matt,
11,2,24,blank,matt,
11,2,25,78,matt,
11,2,26,23x23,matt,
11,2,27,92,matt,
11,2,28,43x43,matt,
11,2,29,95,matt,
11,2,30,24x135,matt,
11,2,31,121,matt,
11,2,32,60x135,matt,
11,2,33,5,matt,
11,2,34,31x46,matt,
11,2,35,5x5,matt,
11,2,36,133x67,matt,
11,2,37,102x67,matt,
11,2,38,93x67,matt,
11,2,39,116,matt,
11,2,40,6,matt,
11,2,41,5x20,matt,
11,2,42,2,matt,
11,2,43,133x133,matt,
11,2,44,126x93,matt,
11,2,45,54x54,matt,
11,2,46,79x96,matt,
11,2,47,56x56,matt,
11,2,48,blank,matt,
11,2,49,107x107,matt,
11,2,50,78x78,matt,
11,2,51,45x45,matt,
11,2,52,75,matt,
11,2,53,93x93,matt,
11,2,54,20x67,matt,
11,2,55,78,matt,
11,2,56,36x36,matt,
11,2,57,54x54,matt,
11,2,58,102,matt,
11,2,59,88x93,matt,
11,2,60,blank,matt,
11,2,61,74x135,matt,
11,2,62,90x135,matt,
11,2,63,7x7,matt,
11,2,64,74x74,matt,
11,2,65,15,matt,
11,2,66,27,matt,
11,2,67,29,matt,
11,2,68,76x96,matt,
11,2,69,50x50,matt,
11,2,70,68x20,matt,
11,2,71,53,matt,
11,2,72,96x96,matt,
11,2,73,40x135,matt,
11,2,74,115x20,matt,
11,2,75,12x12,matt,
11,2,76,129x129,matt,
11,2,77,93,matt,
11,2,78,19,matt,
11,2,79,27x20,matt,
11,2,80,1x1,matt,
11,2,81,127x93,matt,
11,2,82,42x93,matt,
11,2,83,49,matt,
11,2,84,135x135,matt,
11,2,85,42x93,matt,
11,2,86,127,matt,
11,2,87,128x128,matt,
11,2,88,131x135,matt,
11,2,89,94x94,matt,
11,2,90,117,matt,
11,2,91,101,matt,
11,2,92,1x67,matt,
11,2,93,122x67,matt,
11,2,94,79x96,matt,
11,2,95,85x93,matt,
11,2,96,112x93,matt,
11,2,97,131x131,matt,
11,2,98,99,matt,
11,2,99,107,matt,
11,2,100,76x96,matt,
11,2,101,68x68,matt,
11,2,102,78x78,matt,
11,2,103,75x20,matt,
11,2,104,88x88,matt,
11,2,105,104x67,matt,
11,2,106,133x133,matt,
11,2,107,131x131,matt,
11,2,108,62,matt,
11,2,109,33x33,matt,
11,2,110,100,matt,
11,2,111,85,matt,
11,2,112,115,matt,
11,2,113,123x123,matt,
11,2,114,53,matt,
11,2,115,82,matt,
11,2,116,88,matt,
11,2,117,129x93,matt,
11,2,118,128x128,matt,
11,2,119,103x103,matt,
11,2,120,2,matt,
11,2,121,101x101,matt,
11,2,122,blank,matt,
11,2,123,2x2,matt,
11,2,124,15x67,matt,
11,2,125,65x93,matt,
11,2,126,17,matt,
11,2,127,5x20,matt,
11,2,128,105x67,matt,
11,2,129,58x20,matt,
11,2,130,63x46,matt,
11,2,131,110x110,matt,
11,2,132,95,matt,
11,2,133,135x135,matt,
11,2,134,41x41,matt,
11,2,135,35x35,matt,
11,2,136,64,matt,
11,2,137,51,matt,
11,2,138,53,matt,
11,2,139,4x46,matt,
11,2,140,97x97,matt,
11,2,141,123,matt,
11,2,142,121,matt,
11,2,143,64x46,matt,
11,2,144,49,matt,
11,2,145,26x46,matt,
11,2,146,64,matt,
11,2,147,86x46,matt,
11,2,148,64x46,matt,
11,2,149,5x5,matt,
11,2,150,106x96,matt,
11,2,151,89,matt,
11,2,152,20x20,matt,
11,2,153,27x27,matt,
11,2,154,64x64,matt,
11,2,155,6x6,matt,
11,2,156,4,matt,
11,2,157,14x46,matt,
11,2,158,104x67,matt,
11,2,159,124x124,matt,
11,2,160,44x44,matt,
11,2,161,16x16,matt,
11,2,162,53,matt,
11,2,163,7x7,matt,
11,2,164,22,matt,
11,2,165,25x25,matt,
11,2,166,59,matt,
11,2,167,130,matt,
11,2,168,93x67,matt,
11,2,169,81x67,matt,
11,2,170,125x125,matt,
11,2,171,12x12,matt,
11,2,172,108x108,matt,
11,2,173,77x77,matt,
11,2,174,114,matt,
11,2,175,54x96,matt,
11,2,176,40,matt,
11,2,177,135x46,matt,
11,2,178,5x20,matt,
11,2,179,87,matt,
11,2,180,116x116,matt,
11,2,181,89x89,matt,
11,2,182,57x96,matt,
11,2,183,93x93,matt,
11,2,184,37,matt,
11,2,185,121x121,matt,
11,2,186,62,matt,
11,2,187,72x72,matt,
11,2,188,blank,matt,
11,2,189,77x77,matt,
11,2,190,41x96,matt,
11,2,191,94x94,matt,
11,2,192,102x102,matt,
11,2,193,97,matt,
11,2,194,33x20,matt,
11,2,195,135x46,matt,
11,2,196,59x59,matt,
11,2,197,128x135,matt,
11,2,198,54x54,matt,
11,2,199,122x122,matt,
11,2,200,108x108,matt,
12,2,1,74,linnea,
12,2,2,86x86,linnea,
12,2,3,110x93,linnea,
12,2,4,117x46,linnea,
12,2,5,71,linnea,
12,2,6,33x33,linnea,
12,2,7,106x106,linnea,
12,2,8,118x93,linnea,
12,2,9,127x127,linnea,
12,2,10,55x55,linnea,
12,2,11,16x46,linnea,
12,2,12,68x20,linnea,
12,2,13,86,linnea,
12,2,14,95x95,linnea,
12,2,15,93,linnea,
12,2,16,129x129,linnea,
12,2,17,18x67,linnea,
12,2,18,85,linnea,
12,2,19,74x74,linnea,
12,2,20,26x46,linnea,
12,2,21,56,linnea,
12,2,22,63,linnea,
12,2,23,120x120,linnea,
12,2,24,26,linnea,
12,2,25,18x18,linnea,
12,2,26,83,linnea,
12,2,27,62x62,linnea,
12,2,28,58x58,linnea,
12,2,29,130,linnea,
12,2,30,blank,linnea,
12,2,31,75,linnea,
12,2,32,33x33,linnea,
12,2,33,130x46,linnea,
12,2,34,121x121,linnea,
12,2,35,105,linnea,
12,2,36,65x93,linnea,
12,2,37,93x93,linnea,
12,2,38,9x9,linnea,
12,2,39,67x93,linnea,
12,2,40,37x135,linnea,
12,2,41,75,linnea,
12,2,42,71,linnea,
12,2,43,blank,linnea,
12,2,44,108x20,linnea,
12,2,45,29x135,linnea,
12,2,46,118x93,linnea,
12,2,47,2,linnea,
12,2,48,29x29,linnea,
12,2,49,38,linnea,
12,2,50,11,linnea,
12,2,51,81x67,linnea,
12,2,52,69x67,linnea,
12,2,53,6,linnea,
12,2,54,16,linnea,
12,2,55,90,linnea,
12,2,56,37x37,linnea,
12,2,57,58,linnea,
12,2,58,94x96,linnea,
12,2,59,32x96,linnea,
12,2,60,49x46,linnea,
12,2,61,16x46,linnea,
12,2,62,45,linnea,
12,2,63,63x63,linnea,
12,2,64,31x31,linnea,
12,2,65,97,linnea,
12,2,66,124x20,linnea,
12,2,67,29x29,linnea,
12,2,68,69x67,linnea,
12,2,69,87,linnea,
12,2,70,102,linnea,
12,2,71,56x67,linnea,
12,2,72,125x125,linnea,
12,2,73,27,linnea,
12,2,74,24,linnea,
12,2,75,57,linnea,
12,2,76,118x118,linnea,
12,2,77,95x135,linnea,
12,2,78,82,linnea,
12,2,79,49x49,linnea,
12,2,80,7x7,linnea,
12,2,81,70x96,linnea,
12,2,82,95x135,linnea,
12,2,83,33,linnea,
12,2,84,65x93,linnea,
12,2,85,134,linnea,
12,2,86,12x20,linnea,
12,2,87,31x46,linnea,
12,2,88,127x127,linnea,
12,2,89,24,linnea,
12,2,90,79,linnea,
12,2,91,55,linnea,
12,2,92,120x120,linnea,
12,2,93,29,linnea,
12,2,94,42,linnea,
12,2,95,79x96,linnea,
12,2,96,37x37,linnea,
12,2,97,1x1,linnea,
12,2,98,123x123,linnea,
12,2,99,120,linnea,
12,2,100,blank,linnea,
12,2,101,73x73,linnea,
12,2,102,blank,linnea,
12,2,103,12,linnea,
12,2,104,83,linnea,
12,2,105,26x26,linnea,
12,2,106,105,linnea,
12,2,107,51x93,linnea,
12,2,108,92,linnea,
12,2,109,119,linnea,
12,2,110,11,linnea,
12,2,111,136x136,linnea,
12,2,112,43,linnea,
12,2,113,38,linnea,
12,2,114,123x123,linnea,
12,2,115,118x118,linnea,
12,2,116,126x93,linnea,
12,2,117,43x43,linnea,
12,2,118,96,linnea,
12,2,119,10x96,linnea,
12,2,120,6,linnea,
12,2,121,98x98,linnea,
12,2,122,44x44,linnea,
12,2,123,102,linnea,
12,2,124,34x34,linnea,
12,2,125,47x46,linnea,
12,2,126,114x114,linnea,
12,2,127,54,linnea,
12,2,128,31,linnea,
12,2,129,85x85,linnea,
12,2,130,108x20,linnea,
12,2,131,blank,linnea,
12,2,132,136x136,linnea,
12,2,133,63x46,linnea,
12,2,134,64x46,linnea,
12,2,135,30x30,linnea,
12,2,136,108x108,linnea,
12,2,137,blank,linnea,
12,2,138,58x58,linnea,
12,2,139,135,linnea,
12,2,140,35x35,linnea,
12,2,141,34,linnea,
12,2,142,43x20,linnea,
12,2,143,10x10,linnea,
12,2,144,119,linnea,
12,2,145,32,linnea,
12,2,146,130,linnea,
12,2,147,106x106,linnea,
12,2,148,43x20,linnea,
12,2,149,108x20,linnea,
12,2,150,55x67,linnea,
12,2,151,7x135,linnea,
12,2,152,45x45,linnea,
12,2,153,85x85,linnea,
12,2,154,50x50,linnea,
12,2,155,55x55,linnea,
12,2,156,50x50,linnea,
12,2,157,130x130,linnea,
12,2,158,10x10,linnea,
12,2,159,126,linnea,
12,2,160,106x106,linnea,
12,2,161,113x113,linnea,
12,2,162,33x33,linnea,
12,2,163,28x67,linnea,
12,2,164,100x46,linnea,
12,2,165,82x93,linnea,
12,2,166,71x71,linnea,
12,2,167,7,linnea,
12,2,168,68x68,linnea,
12,2,169,5x5,linnea,
12,2,170,103x103,linnea,
12,2,171,99,linnea,
12,2,172,38x46,linnea,
12,2,173,58,linnea,
12,2,174,34x96,linnea,
12,2,175,41x41,linnea,
12,2,176,118x118,linnea,
12,2,177,27x27,linnea,
12,2,178,50x46,linnea,
12,2,179,37,linnea,
12,2,180,34x34,linnea,
12,2,181,122x67,linnea,
12,2,182,32x96,linnea,
12,2,183,45,linnea,
12,2,184,49x49,linnea,
12,2,185,107x135,linnea,
12,2,186,117x46,linnea,
12,2,187,46,linnea,
12,2,188,81,linnea,
12,2,189,5x5,linnea,
12,2,190,106,linnea,
12,2,191,123x20,linnea,
12,2,192,126,linnea,
12,2,193,65,linnea,
12,2,194,98x20,linnea,
12,2,195,79x79,linnea,
12,2,196,65x93,linnea,
12,2,197,119,linnea,
12,2,198,6x96,linnea,
12,2,199,113x93,linnea,
12,2,200,blank,linnea,
13,2,1,19,matt,
13,2,2,107,matt,
13,2,3,30x30,matt,
13,2,4,10x96,matt,
13,2,5,90x135,matt,
13,2,6,114x93,matt,
13,2,7,29,matt,
13,2,8,18x18,matt,
13,2,9,81,matt,
13,2,10,88,matt,
13,2,11,117x117,matt,
13,2,12,36x36,matt,
13,2,13,18x18,matt,
13,2,14,68,matt,
13,2,15,88x88,matt,
13,2,16,41x41,matt,
13,2,17,98x20,matt,
13,2,18,16,matt,
13,2,19,25x96,matt,
13,2,20,14x46,matt,
13,2,21,85x93,matt,
13,2,22,60x60,matt,
13,2,23,24x135,matt,
13,2,24,34x96,matt,
13,2,25,111x111,matt,
13,2,26,127,matt,
13,2,27,77x77,matt,
13,2,28,10,matt,
13,2,29,121,matt,
13,2,30,blank,matt,
13,2,31,76x96,matt,
13,2,32,34,matt,
13,2,33,blank,matt,
13,2,34,96,matt,
13,2,35,113x113,matt,
13,2,36,5,matt,
13,2,37,102x102,matt,
13,2,38,70x70,matt,
13,2,39,91,matt,
13,2,40,62x62,matt,
13,2,41,114x114,matt,
13,2,42,29,matt,
13,2,43,28x28,matt,
13,2,44,38x46,matt,
13,2,45,86,matt,
13,2,46,75x20,matt,
13,2,47,30x67,matt,
13,2,48,100x100,matt,
13,2,49,131x131,matt,
13,2,50,92x92,matt,
13,2,51,blank,matt,
13,2,52,14x14,matt,
13,2,53,124,matt,
13,2,54,14x14,matt,
13,2,55,100x100,matt,
13,2,56,65x65,matt,
13,2,57,127,matt,
13,2,58,blank,matt,
13,2,59,58x58,matt,
13,2,60,26x46,matt,
13,2,61,19,matt,
13,2,62,98,matt,
13,2,63,101,matt,
13,2,64,42x42,matt,
13,2,65,25x96,matt,
13,2,66,17x135,matt,
13,2,67,113x93,matt,
13,2,68,7x135,matt,
13,2,69,67x93,matt,
13,2,70,85x85,matt,
13,2,71,96,matt,
13,2,72,49,matt,
13,2,73,27,matt,
13,2,74,86x86,matt,
13,2,75,57x96,matt,
13,2,76,16,matt,
13,2,77,79x96,matt,
13,2,78,11,matt,
13,2,79,79x79,matt,
13,2,80,124x124,matt,
13,2,81,126,matt,
13,2,82,125x20,matt,
13,2,83,73x135,matt,
13,2,84,22,matt,
13,2,85,101,matt,
13,2,86,120,matt,
13,2,87,43x43,matt,
13,2,88,80x80,matt,
13,2,89,53x53,matt,
13,2,90,3x135,matt,
13,2,91,56,matt,
13,2,92,56,matt,
13,2,93,61x135,matt,
13,2,94,72x96,matt,
13,2,95,42x93,matt,
13,2,96,35,matt,
13,2,97,90x90,matt,
13,2,98,65,matt,
13,2,99,23,matt,
13,2,100,78,matt,
13,2,101,116x135,matt,
13,2,102,17x17,matt,
13,2,103,3,matt,
13,2,104,6x96,matt,
13,2,105,89x135,matt,
13,2,106,120,matt,
13,2,107,79x79,matt,
13,2,108,115x20,matt,
13,2,109,8,matt,
13,2,110,126,matt,
13,2,111,85x93,matt,
13,2,112,113x113,matt,
13,2,113,45x45,matt,
13,2,114,48,matt,
13,2,115,4x4,matt,
13,2,116,31x46,matt,
13,2,117,20x67,matt,
13,2,118,119x93,matt,
13,2,119,40x135,matt,
13,2,120,73x73,matt,
13,2,121,131x131,matt,
13,2,122,11,matt,
13,2,123,25x25,matt,
13,2,124,97x93,matt,
13,2,125,115,matt,
13,2,126,47x47,matt,
13,2,127,110x110,matt,
13,2,128,102x102,matt,
13,2,129,59x20,matt,
13,2,130,71,matt,
13,2,131,37,matt,
13,2,132,79,matt,
13,2,133,87x87,matt,
13,2,134,104x104,matt,
13,2,135,68,matt,
13,2,136,1x1,matt,
13,2,137,38x46,matt,
13,2,138,28,matt,
13,2,139,18x67,matt,
13,2,140,69x67,matt,
13,2,141,49x49,matt,
13,2,142,19x19,matt,
13,2,143,66x93,matt,
13,2,144,109,matt,
13,2,145,6x96,matt,
13,2,146,127,matt,
13,2,147,86x86,matt,
13,2,148,23,matt,
13,2,149,95x135,matt,
13,2,150,64x46,matt,
13,2,151,7x135,matt,
13,2,152,32,matt,
13,2,153,76,matt,
13,2,154,57,matt,
13,2,155,7,matt,
13,2,156,67x93,matt,
13,2,157,103x96,matt,
13,2,158,19x67,matt,
13,2,159,96x96,matt,
13,2,160,46x46,matt,
13,2,161,3x135,matt,
13,2,162,57,matt,
13,2,163,18,matt,
13,2,164,17x135,matt,
13,2,165,41,matt,
13,2,166,100,matt,
13,2,167,99x46,matt,
13,2,168,16x16,matt,
13,2,169,22x96,matt,
13,2,170,70x96,matt,
13,2,171,78,matt,
13,2,172,80x135,matt,
13,2,173,114x114,matt,
13,2,174,42,matt,
13,2,175,47x47,matt,
13,2,176,48x135,matt,
13,2,177,86x46,matt,
13,2,178,105x67,matt,
13,2,179,93x93,matt,
13,2,180,36x36,matt,
13,2,181,48,matt,
13,2,182,66x93,matt,
13,2,183,96,matt,
13,2,184,101,matt,
13,2,185,11x11,matt,
13,2,186,48x135,matt,
13,2,187,117x117,matt,
13,2,188,85x93,matt,
13,2,189,116,matt,
13,2,190,121,matt,
13,2,191,104x104,matt,
13,2,192,48,matt,
13,2,193,104,matt,
13,2,194,68,matt,
13,2,195,134x134,matt,
13,2,196,69x67,matt,
13,2,197,121x67,matt,
13,2,198,60,matt,
13,2,199,119,matt,
13,2,200,36,matt,
14,2,1,107x135,linnea,
14,2,2,9x46,linnea,
14,2,3,125x125,linnea,
14,2,4,48x135,linnea,
14,2,5,18x67,linnea,
14,2,6,15x15,linnea,
14,2,7,34x34,linnea,
14,2,8,90x135,linnea,
14,2,9,blank,linnea,
14,2,10,114,linnea,
14,2,11,2x2,linnea,
14,2,12,47x46,linnea,
14,2,13,81,linnea,
14,2,14,109x109,linnea,
14,2,15,43x20,linnea,
14,2,16,95,linnea,
14,2,17,95,linnea,
14,2,18,136,linnea,
14,2,19,135x135,linnea,
14,2,20,74,linnea,
14,2,21,88x88,linnea,
14,2,22,2x2,linnea,
14,2,23,36x20,linnea,
14,2,24,91x20,linnea,
14,2,25,90,linnea,
14,2,26,135,linnea,
14,2,27,67x67,linnea,
14,2,28,135x135,linnea,
14,2,29,25x25,linnea,
14,2,30,30x30,linnea,
14,2,31,12,linnea,
14,2,32,96x96,linnea,
14,2,33,73x73,linnea,
14,2,34,124,linnea,
14,2,35,63x46,linnea,
14,2,36,61x61,linnea,
14,2,37,18x67,linnea,
14,2,38,49x46,linnea,
14,2,39,56x56,linnea,
14,2,40,11x67,linnea,
14,2,41,34,linnea,
14,2,42,117x46,linnea,
14,2,43,57x57,linnea,
14,2,44,67,linnea,
14,2,45,115,linnea,
14,2,46,9x46,linnea,
14,2,47,42x42,linnea,
14,2,48,78,linnea,
14,2,49,135x46,linnea,
14,2,50,17x17,linnea,
14,2,51,133,linnea,
14,2,52,8x93,linnea,
14,2,53,94x94,linnea,
14,2,54,8,linnea,
14,2,55,131,linnea,
14,2,56,136,linnea,
14,2,57,59x59,linnea,
14,2,58,25x25,linnea,
14,2,59,113,linnea,
14,2,60,76x96,linnea,
14,2,61,46x96,linnea,
14,2,62,67x67,linnea,
14,2,63,106,linnea,
14,2,64,112x112,linnea,
14,2,65,114x93,linnea,
14,2,66,60x60,linnea,
14,2,67,32x32,linnea,
14,2,68,133x133,linnea,
14,2,69,54,linnea,
14,2,70,70x96,linnea,
14,2,71,113,linnea,
14,2,72,72,linnea,
14,2,73,50x46,linnea,
14,2,74,42,linnea,
14,2,75,128x135,linnea,
14,2,76,118,linnea,
14,2,77,8x93,linnea,
14,2,78,133,linnea,
14,2,79,37,linnea,
14,2,80,119x93,linnea,
14,2,81,64x46,linnea,
14,2,82,33x20,linnea,
14,2,83,114x93,linnea,
14,2,84,81x81,linnea,
14,2,85,81x81,linnea,
14,2,86,73,linnea,
14,2,87,91x20,linnea,
14,2,88,90x90,linnea,
14,2,89,109,linnea,
14,2,90,131x135,linnea,
14,2,91,40x135,linnea,
14,2,92,95x95,linnea,
14,2,93,98x98,linnea,
14,2,94,97x93,linnea,
14,2,95,87x96,linnea,
14,2,96,27x27,linnea,
14,2,97,127x127,linnea,
14,2,98,109,linnea,
14,2,99,1x67,linnea,
14,2,100,44,linnea,
14,2,101,30,linnea,
14,2,102,54x54,linnea,
14,2,103,17,linnea,
14,2,104,6x96,linnea,
14,2,105,104,linnea,
14,2,106,blank,linnea,
14,2,107,17x135,linnea,
14,2,108,58x58,linnea,
14,2,109,36x20,linnea,
14,2,110,27,linnea,
14,2,111,32,linnea,
14,2,112,blank,linnea,
14,2,113,48x135,linnea,
14,2,114,33,linnea,
14,2,115,blank,linnea,
14,2,116,105x67,linnea,
14,2,117,109x67,linnea,
14,2,118,78x93,linnea,
14,2,119,108x20,linnea,
14,2,120,98,linnea,
14,2,121,119x119,linnea,
14,2,122,17x135,linnea,
14,2,123,126,linnea,
14,2,124,29x29,linnea,
14,2,125,71,linnea,
14,2,126,100x46,linnea,
14,2,127,123x123,linnea,
14,2,128,125,linnea,
14,2,129,56x67,linnea,
14,2,130,26x26,linnea,
14,2,131,105x105,linnea,
14,2,132,120x120,linnea,
14,2,133,23x23,linnea,
14,2,134,73x73,linnea,
14,2,135,25,linnea,
14,2,136,89x89,linnea,
14,2,137,16x46,linnea,
14,2,138,34x96,linnea,
14,2,139,125x20,linnea,
14,2,140,51x93,linnea,
14,2,141,69x69,linnea,
14,2,142,4x46,linnea,
14,2,143,54x54,linnea,
14,2,144,88x93,linnea,
14,2,145,24x135,linnea,
14,2,146,122,linnea,
14,2,147,34x96,linnea,
14,2,148,blank,linnea,
14,2,149,78x78,linnea,
14,2,150,89x89,linnea,
14,2,151,125,linnea,
14,2,152,58x58,linnea,
14,2,153,79,linnea,
14,2,154,61x61,linnea,
14,2,155,109x109,linnea,
14,2,156,5x20,linnea,
14,2,157,100,linnea,
14,2,158,102,linnea,
14,2,159,136,linnea,
14,2,160,91,linnea,
14,2,161,28x67,linnea,
14,2,162,40x40,linnea,
14,2,163,118x93,linnea,
14,2,164,33,linnea,
14,2,165,113,linnea,
14,2,166,22x96,linnea,
14,2,167,57x96,linnea,
14,2,168,124,linnea,
14,2,169,108x108,linnea,
14,2,170,67x67,linnea,
14,2,171,5x20,linnea,
14,2,172,97x97,linnea,
14,2,173,116x135,linnea,
14,2,174,109x109,linnea,
14,2,175,85,linnea,
14,2,176,44,linnea,
14,2,177,44,linnea,
14,2,178,127x127,linnea,
14,2,179,37x135,linnea,
14,2,180,blank,linnea,
14,2,181,29x29,linnea,
14,2,182,41x96,linnea,
14,2,183,130,linnea,
14,2,184,111x111,linnea,
14,2,185,75x20,linnea,
14,2,186,87,linnea,
14,2,187,87x87,linnea,
14,2,188,101x20,linnea,
14,2,189,20,linnea,
14,2,190,73,linnea,
14,2,191,4x4,linnea,
14,2,192,29x135,linnea,
14,2,193,74x135,linnea,
14,2,194,125x20,linnea,
14,2,195,32x96,linnea,
14,2,196,36,linnea,
14,2,197,57x57,linnea,
14,2,198,56x67,linnea,
14,2,199,123,linnea,
14,2,200,blank,linnea,
15,2,1,103x103,linnea,
15,2,2,22,linnea,
15,2,3,22x22,linnea,
15,2,4,93x93,linnea,
15,2,5,55,linnea,
15,2,6,136x20,linnea,
15,2,7,114,linnea,
15,2,8,135x46,linnea,
15,2,9,91x91,linnea,
15,2,10,81,linnea,
15,2,11,90,linnea,
15,2,12,76,linnea,
15,2,13,82x93,linnea,
15,2,14,blank,linnea,
15,2,15,14,linnea,
15,2,16,4x46,linnea,
15,2,17,22,linnea,
15,2,18,98x20,linnea,
15,2,19,53x96,linnea,
15,2,20,31x46,linnea,
15,2,21,96x96,linnea,
15,2,22,102x67,linnea,
15,2,23,79x79,linnea,
15,2,24,131,linnea,
15,2,25,70,linnea,
15,2,26,97x93,linnea,
15,2,27,93x67,linnea,
15,2,28,120x46,linnea,
15,2,29,92x20,linnea,
15,2,30,108x20,linnea,
15,2,31,3x3,linnea,
15,2,32,79x96,linnea,
15,2,33,46x96,linnea,
15,2,34,3,linnea,
15,2,35,24x135,linnea,
15,2,36,65,linnea,
15,2,37,67,linnea,
15,2,38,112x93,linnea,
15,2,39,111x93,linnea,
15,2,40,77x77,linnea,
15,2,41,86x46,linnea,
15,2,42,94x94,linnea,
15,2,43,78x78,linnea,
15,2,44,80,linnea,
15,2,45,12x20,linnea,
15,2,46,blank,linnea,
15,2,47,116x116,linnea,
15,2,48,22x22,linnea,
15,2,49,65x65,linnea,
15,2,50,112x112,linnea,
15,2,51,82x93,linnea,
15,2,52,80x135,linnea,
15,2,53,48,linnea,
15,2,54,61,linnea,
15,2,55,135x135,linnea,
15,2,56,4x4,linnea,
15,2,57,22x96,linnea,
15,2,58,17x17,linnea,
15,2,59,68,linnea,
15,2,60,blank,linnea,
15,2,61,15,linnea,
15,2,62,31x31,linnea,
15,2,63,55x55,linnea,
15,2,64,6,linnea,
15,2,65,115,linnea,
15,2,66,103,linnea,
15,2,67,66,linnea,
15,2,68,69x69,linnea,
15,2,69,44,linnea,
15,2,70,11,linnea,
15,2,71,100x46,linnea,
15,2,72,136,linnea,
15,2,73,6x96,linnea,
15,2,74,2,linnea,
15,2,75,116x116,linnea,
15,2,76,82,linnea,
15,2,77,66x93,linnea,
15,2,78,126x126,linnea,
15,2,79,17x17,linnea,
15,2,80,58x20,linnea,
15,2,81,14x46,linnea,
15,2,82,59,linnea,
15,2,83,92x92,linnea,
15,2,84,56x56,linnea,
15,2,85,82x82,linnea,
15,2,86,62,linnea,
15,2,87,129x93,linnea,
15,2,88,131,linnea,
15,2,89,53x96,linnea,
15,2,90,40x135,linnea,
15,2,91,105x105,linnea,
15,2,92,4x46,linnea,
15,2,93,16x46,linnea,
15,2,94,4x4,linnea,
15,2,95,82x82,linnea,
15,2,96,23x20,linnea,
15,2,97,36x20,linnea,
15,2,98,43,linnea,
15,2,99,49,linnea,
15,2,100,67x93,linnea,
15,2,101,7x135,linnea,
15,2,102,2,linnea,
15,2,103,12x20,linnea,
15,2,104,130x46,linnea,
15,2,105,104x104,linnea,
15,2,106,23x20,linnea,
15,2,107,71,linnea,
15,2,108,62x67,linnea,
15,2,109,60x135,linnea,
15,2,110,121x121,linnea,
15,2,111,6x6,linnea,
15,2,112,42x42,linnea,
15,2,113,31x46,linnea,
15,2,114,95x135,linnea,
15,2,115,26x26,linnea,
15,2,116,115,linnea,
15,2,117,79,linnea,
15,2,118,87x96,linnea,
15,2,119,99x99,linnea,
15,2,120,7,linnea,
15,2,121,67,linnea,
15,2,122,38x46,linnea,
15,2,123,blank,linnea,
15,2,124,133,linnea,
15,2,125,81,linnea,
15,2,126,25x96,linnea,
15,2,127,126x93,linnea,
15,2,128,100,linnea,
15,2,129,81x81,linnea,
15,2,130,77x77,linnea,
15,2,131,33x20,linnea,
15,2,132,23x20,linnea,
15,2,133,87,linnea,
15,2,134,63x46,linnea,
15,2,135,70x70,linnea,
15,2,136,43,linnea,
15,2,137,72,linnea,
15,2,138,59x59,linnea,
15,2,139,128x135,linnea,
15,2,140,2,linnea,
15,2,141,85x85,linnea,
15,2,142,114,linnea,
15,2,143,76,linnea,
15,2,144,75x75,linnea,
15,2,145,57x57,linnea,
15,2,146,31x31,linnea,
15,2,147,122x122,linnea,
15,2,148,117,linnea,
15,2,149,123,linnea,
15,2,150,57x57,linnea,
15,2,151,131,linnea,
15,2,152,108x108,linnea,
15,2,153,67x93,linnea,
15,2,154,106x96,linnea,
15,2,155,99,linnea,
15,2,156,29x135,linnea,
15,2,157,103,linnea,
15,2,158,131,linnea,
15,2,159,64x64,linnea,
15,2,160,131x135,linnea,
15,2,161,115x20,linnea,
15,2,162,31x46,linnea,
15,2,163,80,linnea,
15,2,164,63,linnea,
15,2,165,87,linnea,
15,2,166,100x100,linnea,
15,2,167,128x128,linnea,
15,2,168,86x86,linnea,
15,2,169,50,linnea,
15,2,170,99,linnea,
15,2,171,136x20,linnea,
15,2,172,89x135,linnea,
15,2,173,15x67,linnea,
15,2,174,34x96,linnea,
15,2,175,128,linnea,
15,2,176,75x75,linnea,
15,2,177,47x47,linnea,
15,2,178,85,linnea,
15,2,179,95x135,linnea,
15,2,180,120x46,linnea,
15,2,181,40,linnea,
15,2,182,95,linnea,
15,2,183,44,linnea,
15,2,184,49x46,linnea,
15,2,185,48x135,linnea,
15,2,186,blank,linnea,
15,2,187,121x121,linnea,
15,2,188,71x71,linnea,
15,2,189,43x20,linnea,
15,2,190,125,linnea,
15,2,191,69x69,linnea,
15,2,192,126x126,linnea,
15,2,193,1x1,linnea,
15,2,194,62x67,linnea,
15,2,195,37x37,linnea,
15,2,196,51,linnea,
15,2,197,40x135,linnea,
15,2,198,61x135,linnea,
15,2,199,113,linnea,
15,2,200,59,linnea,
16,2,1,136x136,matt,
16,2,2,106,matt,
16,2,3,47x46,matt,
16,2,4,99x46,matt,
16,2,5,57x57,matt,
16,2,6,119x93,matt,
16,2,7,104x104,matt,
16,2,8,130x130,matt,
16,2,9,88x88,matt,
16,2,10,33x20,matt,
16,2,11,38x46,matt,
16,2,12,69,matt,
16,2,13,97,matt,
16,2,14,24x135,matt,
16,2,15,31,matt,
16,2,16,5x5,matt,
16,2,17,78x78,matt,
16,2,18,68x20,matt,
16,2,19,15x15,matt,
16,2,20,11x11,matt,
16,2,21,72,matt,
16,2,22,29,matt,
16,2,23,131,matt,
16,2,24,86x46,matt,
16,2,25,95x135,matt,
16,2,26,62x67,matt,
16,2,27,18x18,matt,
16,2,28,59,matt,
16,2,29,81x67,matt,
16,2,30,86,matt,
16,2,31,133x133,matt,
16,2,32,110,matt,
16,2,33,101x20,matt,
16,2,34,41,matt,
16,2,35,blank,matt,
16,2,36,28x28,matt,
16,2,37,60x60,matt,
16,2,38,18x67,matt,
16,2,39,131x131,matt,
16,2,40,114x114,matt,
16,2,41,73x135,matt,
16,2,42,25x96,matt,
16,2,43,15x67,matt,
16,2,44,47,matt,
16,2,45,79x79,matt,
16,2,46,110,matt,
16,2,47,3x135,matt,
16,2,48,128x135,matt,
16,2,49,88x88,matt,
16,2,50,121x67,matt,
16,2,51,128x128,matt,
16,2,52,115,matt,
16,2,53,18,matt,
16,2,54,99x46,matt,
16,2,55,47,matt,
16,2,56,68x68,matt,
16,2,57,16x46,matt,
16,2,58,32x32,matt,
16,2,59,126,matt,
16,2,60,125,matt,
16,2,61,91,matt,
16,2,62,128x135,matt,
16,2,63,54x96,matt,
16,2,64,43x20,matt,
16,2,65,123,matt,
16,2,66,114x93,matt,
16,2,67,64x64,matt,
16,2,68,41x96,matt,
16,2,69,3,matt,
16,2,70,20x20,matt,
16,2,71,60x135,matt,
16,2,72,38x46,matt,
16,2,73,78,matt,
16,2,74,71x71,matt,
16,2,75,88,matt,
16,2,76,89x135,matt,
16,2,77,51x51,matt,
16,2,78,9,matt,
16,2,79,129,matt,
16,2,80,124x20,matt,
16,2,81,103,matt,
16,2,82,131x131,matt,
16,2,83,131x135,matt,
16,2,84,74x135,matt,
16,2,85,98,matt,
16,2,86,41x96,matt,
16,2,87,31,matt,
16,2,88,109x67,matt,
16,2,89,124,matt,
16,2,90,74x74,matt,
16,2,91,67x67,matt,
16,2,92,111x93,matt,
16,2,93,130x130,matt,
16,2,94,103x103,matt,
16,2,95,11x67,matt,
16,2,96,97,matt,
16,2,97,79,matt,
16,2,98,1x67,matt,
16,2,99,121,matt,
16,2,100,50,matt,
16,2,101,103x103,matt,
16,2,102,86,matt,
16,2,103,42,matt,
16,2,104,35x46,matt,
16,2,105,54,matt,
16,2,106,60x60,matt,
16,2,107,11x67,matt,
16,2,108,112,matt,
16,2,109,124x20,matt,
16,2,110,59x59,matt,
16,2,111,106x96,matt,
16,2,112,33,matt,
16,2,113,28,matt,
16,2,114,98x98,matt,
16,2,115,5x20,matt,
16,2,116,119x93,matt,
16,2,117,79x79,matt,
16,2,118,78x93,matt,
16,2,119,57x57,matt,
16,2,120,116x116,matt,
16,2,121,6,matt,
16,2,122,blank,matt,
16,2,123,7x7,matt,
16,2,124,48,matt,
16,2,125,108x108,matt,
16,2,126,26x26,matt,
16,2,127,115x115,matt,
16,2,128,30,matt,
16,2,129,42x42,matt,
16,2,130,111,matt,
16,2,131,blank,matt,
16,2,132,124,matt,
16,2,133,72,matt,
16,2,134,68x68,matt,
16,2,135,36,matt,
16,2,136,88x88,matt,
16,2,137,108,matt,
16,2,138,57x96,matt,
16,2,139,81x81,matt,
16,2,140,44x67,matt,
16,2,141,125,matt,
16,2,142,61x135,matt,
16,2,143,36,matt,
16,2,144,124x124,matt,
16,2,145,62,matt,
16,2,146,44x44,matt,
16,2,147,97x93,matt,
16,2,148,134x135,matt,
16,2,149,32,matt,
16,2,150,30x67,matt,
16,2,151,93x67,matt,
16,2,152,17,matt,
16,2,153,29x135,matt,
16,2,154,38x38,matt,
16,2,155,45x45,matt,
16,2,156,49x49,matt,
16,2,157,11x67,matt,
16,2,158,43,matt,
16,2,159,24,matt,
16,2,160,43x43,matt,
16,2,161,12,matt,
16,2,162,blank,matt,
16,2,163,11x67,matt,
16,2,164,77x77,matt,
16,2,165,109,matt,
16,2,166,9,matt,
16,2,167,67x93,matt,
16,2,168,8x93,matt,
16,2,169,57x96,matt,
16,2,170,126x126,matt,
16,2,171,66x66,matt,
16,2,172,58x58,matt,
16,2,173,117,matt,
16,2,174,99x99,matt,
16,2,175,9,matt,
16,2,176,24x24,matt,
16,2,177,124x20,matt,
16,2,178,131x131,matt,
16,2,179,83x46,matt,
16,2,180,23x23,matt,
16,2,181,54,matt,
16,2,182,12,matt,
16,2,183,9x9,matt,
16,2,184,123x20,matt,
16,2,185,48x48,matt,
16,2,186,88x88,matt,
16,2,187,50x50,matt,
16,2,188,61x61,matt,
16,2,189,22x22,matt,
16,2,190,44,matt,
16,2,191,62x67,matt,
16,2,192,97x93,matt,
16,2,193,125x125,matt,
16,2,194,122x122,matt,
16,2,195,131,matt,
16,2,196,43x43,matt,
16,2,197,4,matt,
16,2,198,133x133,matt,
16,2,199,119x119,matt,
16,2,200,37x135,matt,
17,2,1,71,linnea,
17,2,2,53x96,linnea,
17,2,3,55x55,linnea,
17,2,4,40x135,linnea,
17,2,5,109x109,linnea,
17,2,6,41x41,linnea,
17,2,7,4,linnea,
17,2,8,108,linnea,
17,2,9,117x117,linnea,
17,2,10,81,linnea,
17,2,11,19,linnea,
17,2,12,129,linnea,
17,2,13,77x77,linnea,
17,2,14,71x71,linnea,
17,2,15,2,linnea,
17,2,16,97x97,linnea,
17,2,17,93,linnea,
17,2,18,107x135,linnea,
17,2,19,59x20,linnea,
17,2,20,66x93,linnea,
17,2,21,131,linnea,
17,2,22,31x31,linnea,
17,2,23,134x134,linnea,
17,2,24,32x32,linnea,
17,2,25,57x96,linnea,
17,2,26,99x46,linnea,
17,2,27,46x46,linnea,
17,2,28,64,linnea,
17,2,29,102,linnea,
17,2,30,8x8,linnea,
17,2,31,65,linnea,
17,2,32,16x46,linnea,
17,2,33,94x96,linnea,
17,2,34,87x87,linnea,
17,2,35,8x8,linnea,
17,2,36,66x66,linnea,
17,2,37,103x96,linnea,
17,2,38,117x117,linnea,
17,2,39,48,linnea,
17,2,40,7,linnea,
17,2,41,28x67,linnea,
17,2,42,45x45,linnea,
17,2,43,93x93,linnea,
17,2,44,105x67,linnea,
17,2,45,19x67,linnea,
17,2,46,61,linnea,
17,2,47,70,linnea,
17,2,48,105,linnea,
17,2,49,89,linnea,
17,2,50,41x96,linnea,
17,2,51,116x135,linnea,
17,2,52,108,linnea,
17,2,53,68,linnea,
17,2,54,92x92,linnea,
17,2,55,67,linnea,
17,2,56,67,linnea,
17,2,57,34x34,linnea,
17,2,58,131x131,linnea,
17,2,59,41x41,linnea,
17,2,60,5x5,linnea,
17,2,61,blank,linnea,
17,2,62,134x135,linnea,
17,2,63,8,linnea,
17,2,64,17x17,linnea,
17,2,65,37,linnea,
17,2,66,64x64,linnea,
17,2,67,117,linnea,
17,2,68,3x135,linnea,
17,2,69,57x96,linnea,
17,2,70,blank,linnea,
17,2,71,40x135,linnea,
17,2,72,105,linnea,
17,2,73,119,linnea,
17,2,74,5x5,linnea,
17,2,75,48x48,linnea,
17,2,76,22x96,linnea,
17,2,77,11x67,linnea,
17,2,78,51x93,linnea,
17,2,79,42x42,linnea,
17,2,80,71,linnea,
17,2,81,43x20,linnea,
17,2,82,48x135,linnea,
17,2,83,11x11,linnea,
17,2,84,14x46,linnea,
17,2,85,113x93,linnea,
17,2,86,blank,linnea,
17,2,87,117x46,linnea,
17,2,88,134x135,linnea,
17,2,89,102x67,linnea,
17,2,90,58x20,linnea,
17,2,91,7,linnea,
17,2,92,63x63,linnea,
17,2,93,103x103,linnea,
17,2,94,10x96,linnea,
17,2,95,26,linnea,
17,2,96,121x67,linnea,
17,2,97,28x28,linnea,
17,2,98,46x46,linnea,
17,2,99,30x30,linnea,
17,2,100,105x105,linnea,
17,2,101,96x46,linnea,
17,2,102,124x20,linnea,
17,2,103,37x135,linnea,
17,2,104,26,linnea,
17,2,105,78,linnea,
17,2,106,118,linnea,
17,2,107,111,linnea,
17,2,108,55,linnea,
17,2,109,85x85,linnea,
17,2,110,16,linnea,
17,2,111,97x93,linnea,
17,2,112,7x135,linnea,
17,2,113,80x135,linnea,
17,2,114,109x109,linnea,
17,2,115,85x93,linnea,
17,2,116,102x102,linnea,
17,2,117,133,linnea,
17,2,118,129,linnea,
17,2,119,114,linnea,
17,2,120,74x135,linnea,
17,2,121,25,linnea,
17,2,122,125x20,linnea,
17,2,123,57x57,linnea,
17,2,124,66x66,linnea,
17,2,125,29,linnea,
17,2,126,63x63,linnea,
17,2,127,67x67,linnea,
17,2,128,33,linnea,
17,2,129,60,linnea,
17,2,130,41,linnea,
17,2,131,46,linnea,
17,2,132,4x46,linnea,
17,2,133,57x57,linnea,
17,2,134,99x99,linnea,
17,2,135,32x96,linnea,
17,2,136,74x74,linnea,
17,2,137,45x45,linnea,
17,2,138,27x20,linnea,
17,2,139,96,linnea,
17,2,140,50x50,linnea,
17,2,141,129,linnea,
17,2,142,110x93,linnea,
17,2,143,133x67,linnea,
17,2,144,110x93,linnea,
17,2,145,17x135,linnea,
17,2,146,23x23,linnea,
17,2,147,36x36,linnea,
17,2,148,48,linnea,
17,2,149,71x96,linnea,
17,2,150,135x46,linnea,
17,2,151,110,linnea,
17,2,152,124x124,linnea,
17,2,153,66x93,linnea,
17,2,154,80x80,linnea,
17,2,155,33x20,linnea,
17,2,156,72,linnea,
17,2,157,4,linnea,
17,2,158,29x135,linnea,
17,2,159,15x15,linnea,
17,2,160,119x93,linnea,
17,2,161,75x20,linnea,
17,2,162,99x99,linnea,
17,2,163,128,linnea,
17,2,164,109x109,linnea,
17,2,165,55x55,linnea,
17,2,166,127x127,linnea,
17,2,167,92x20,linnea,
17,2,168,63,linnea,
17,2,169,87x87,linnea,
17,2,170,92x20,linnea,
17,2,171,91x91,linnea,
17,2,172,35x35,linnea,
17,2,173,73x73,linnea,
17,2,174,124x124,linnea,
17,2,175,42x93,linnea,
17,2,176,22,linnea,
17,2,177,31x46,linnea,
17,2,178,45,linnea,
17,2,179,87,linnea,
17,2,180,125x20,linnea,
17,2,181,122x122,linnea,
17,2,182,93,linnea,
17,2,183,130x46,linnea,
17,2,184,111x93,linnea,
17,2,185,121x67,linnea,
17,2,186,113,linnea,
17,2,187,56,linnea,
17,2,188,98x98,linnea,
17,2,189,88x93,linnea,
17,2,190,70,linnea,
17,2,191,91,linnea,
17,2,192,32x96,linnea,
17,2,193,7,linnea,
17,2,194,85x93,linnea,
17,2,195,10,linnea,
17,2,196,45,linnea,
17,2,197,88,linnea,
17,2,198,105x67,linnea,
17,2,199,37x37,linnea,
17,2,200,93,linnea,
18,2,1,99x46,matt,
18,2,2,27,matt,
18,2,3,107,matt,
18,2,4,6x6,matt,
18,2,5,3,matt,
18,2,6,47x47,matt,
18,2,7,15,matt,
18,2,8,121x121,matt,
18,2,9,130x130,matt,
18,2,10,134,matt,
18,2,11,85x85,matt,
18,2,12,3,matt,
18,2,13,41x41,matt,
18,2,14,124x20,matt,
18,2,15,35,matt,
18,2,16,108,matt,
18,2,17,121x121,matt,
18,2,18,61x135,matt,
18,2,19,71x96,matt,
18,2,20,14,matt,
18,2,21,87x87,matt,
18,2,22,40x40,matt,
18,2,23,85x93,matt,
18,2,24,65x65,matt,
18,2,25,115x115,matt,
18,2,26,68x20,matt,
18,2,27,54,matt,
18,2,28,22x22,matt,
18,2,29,55x67,matt,
18,2,30,101x101,matt,
18,2,31,4x4,matt,
18,2,32,73,matt,
18,2,33,blank,matt,
18,2,34,34,matt,
18,2,35,12x12,matt,
18,2,36,99x46,matt,
18,2,37,44x67,matt,
18,2,38,122x122,matt,
18,2,39,105x105,matt,
18,2,40,97,matt,
18,2,41,117x117,matt,
18,2,42,131x131,matt,
18,2,43,6x6,matt,
18,2,44,90x135,matt,
18,2,45,106x106,matt,
18,2,46,34x96,matt,
18,2,47,111x111,matt,
18,2,48,95x95,matt,
18,2,49,64x64,matt,
18,2,50,136x20,matt,
18,2,51,74x74,matt,
18,2,52,24x24,matt,
18,2,53,8x8,matt,
18,2,54,62x62,matt,
18,2,55,61x61,matt,
18,2,56,34,matt,
18,2,57,blank,matt,
18,2,58,64,matt,
18,2,59,5x20,matt,
18,2,60,74x135,matt,
18,2,61,62,matt,
18,2,62,16x16,matt,
18,2,63,116x116,matt,
18,2,64,105,matt,
18,2,65,113,matt,
18,2,66,112x112,matt,
18,2,67,99,matt,
18,2,68,101,matt,
18,2,69,12,matt,
18,2,70,106x106,matt,
18,2,71,63,matt,
18,2,72,19x19,matt,
18,2,73,7,matt,
18,2,74,28x28,matt,
18,2,75,73x73,matt,
18,2,76,51x93,matt,
18,2,77,19x19,matt,
18,2,78,31,matt,
18,2,79,43,matt,
18,2,80,7x7,matt,
18,2,81,82,matt,
18,2,82,31,matt,
18,2,83,25,matt,
18,2,84,112x112,matt,
18,2,85,99x99,matt,
18,2,86,33x33,matt,
18,2,87,90x90,matt,
18,2,88,17x17,matt,
18,2,89,103x96,matt,
18,2,90,118x118,matt,
18,2,91,9x9,matt,
18,2,92,55,matt,
18,2,93,47x46,matt,
18,2,94,75x20,matt,
18,2,95,112x112,matt,
18,2,96,81x67,matt,
18,2,97,123,matt,
18,2,98,66x66,matt,
18,2,99,119,matt,
18,2,100,10x10,matt,
18,2,101,62,matt,
18,2,102,89x135,matt,
18,2,103,97x93,matt,
18,2,104,72x96,matt,
18,2,105,35x46,matt,
18,2,106,100x46,matt,
18,2,107,14x46,matt,
18,2,108,50x46,matt,
18,2,109,103x96,matt,
18,2,110,94,matt,
18,2,111,127,matt,
18,2,112,65,matt,
18,2,113,116x135,matt,
18,2,114,122x122,matt,
18,2,115,76x96,matt,
18,2,116,93,matt,
18,2,117,101x101,matt,
18,2,118,14,matt,
18,2,119,79x79,matt,
18,2,120,80x80,matt,
18,2,121,63,matt,
18,2,122,103,matt,
18,2,123,19,matt,
18,2,124,82x93,matt,
18,2,125,55x55,matt,
18,2,126,129x93,matt,
18,2,127,16,matt,
18,2,128,17,matt,
18,2,129,2x93,matt,
18,2,130,100x46,matt,
18,2,131,116x135,matt,
18,2,132,65x65,matt,
18,2,133,100x46,matt,
18,2,134,30,matt,
18,2,135,76x96,matt,
18,2,136,96x46,matt,
18,2,137,115,matt,
18,2,138,126,matt,
18,2,139,48x135,matt,
18,2,140,68x68,matt,
18,2,141,20x20,matt,
18,2,142,blank,matt,
18,2,143,112x93,matt,
18,2,144,73,matt,
18,2,145,86,linnea,
18,2,146,127x127,linnea,
18,2,147,124,linnea,
18,2,148,55,linnea,
18,2,149,14x46,linnea,
18,2,150,119x119,linnea,
18,2,151,134x135,linnea,
18,2,152,94x96,linnea,
18,2,153,104x67,linnea,
18,2,154,2,linnea,
18,2,155,59x20,linnea,
18,2,156,27,linnea,
18,2,157,101x20,linnea,
18,2,158,103x96,linnea,
18,2,159,55x67,linnea,
18,2,160,86,linnea,
18,2,161,103,linnea,
18,2,162,119x119,linnea,
18,2,163,92x92,linnea,
18,2,164,30,linnea,
18,2,165,4x4,linnea,
18,2,166,12x12,linnea,
18,2,167,88,linnea,
18,2,168,20x67,linnea,
18,2,169,22x22,linnea,
18,2,170,53x53,linnea,
18,2,171,36,linnea,
18,2,172,66x66,linnea,
18,2,173,74,linnea,
18,2,174,111,linnea,
18,2,175,17x17,linnea,
18,2,176,1x67,linnea,
18,2,177,66x93,linnea,
18,2,178,37x37,linnea,
18,2,179,83x46,linnea,
18,2,180,79x79,linnea,
18,2,181,78,linnea,
18,2,182,88x88,linnea,
18,2,183,93x67,linnea,
18,2,184,90x90,linnea,
18,2,185,blank,linnea,
18,2,186,50x50,linnea,
18,2,187,40,linnea,
18,2,188,15,linnea,
18,2,189,120x46,linnea,
18,2,190,38x38,linnea,
18,2,191,35x35,linnea,
18,2,192,88,linnea,
18,2,193,34x96,linnea,
18,2,194,95x95,linnea,
18,2,195,107x107,linnea,
18,2,196,29x29,linnea,
18,2,197,2x93,linnea,
18,2,198,114,linnea,
18,2,199,51,linnea,
18,2,200,30x30,linnea,
19,2,1,22x96,linnea,
19,2,2,75x20,linnea,
19,2,3,136,linnea,
19,2,4,75x75,linnea,
19,2,5,51x51,linnea,
19,2,6,22x22,linnea,
19,2,7,97x93,linnea,
19,2,8,116,linnea,
19,2,9,80,linnea,
19,2,10,53,linnea,
19,2,11,113x93,linnea,
19,2,12,8x8,linnea,
19,2,13,63x46,linnea,
19,2,14,99,linnea,
19,2,15,34x34,linnea,
19,2,16,87x96,linnea,
19,2,17,91x91,linnea,
19,2,18,134x134,linnea,
19,2,19,126x126,linnea,
19,2,20,81x67,linnea,
19,2,21,118x118,linnea,
19,2,22,16,linnea,
19,2,23,129,linnea,
19,2,24,25,linnea,
19,2,25,69,linnea,
19,2,26,26x46,linnea,
19,2,27,122x67,linnea,
19,2,28,82,linnea,
19,2,29,100,linnea,
19,2,30,62x62,linnea,
19,2,31,30,linnea,
19,2,32,123,linnea,
19,2,33,53x96,linnea,
19,2,34,135x135,linnea,
19,2,35,100x100,linnea,
19,2,36,10x96,linnea,
19,2,37,111x93,linnea,
19,2,38,29x29,linnea,
19,2,39,70x96,linnea,
19,2,40,108x20,linnea,
19,2,41,30x67,linnea,
19,2,42,98x20,linnea,
19,2,43,89x89,linnea,
19,2,44,72x72,linnea,
19,2,45,110x93,linnea,
19,2,46,4x4,linnea,
19,2,47,127x127,linnea,
19,2,48,54x54,linnea,
19,2,49,24x24,linnea,
19,2,50,32x32,linnea,
19,2,51,63x46,linnea,
19,2,52,19x67,linnea,
19,2,53,57x96,linnea,
19,2,54,31x31,linnea,
19,2,55,75,linnea,
19,2,56,12x12,linnea,
19,2,57,blank,linnea,
19,2,58,94,linnea,
19,2,59,72,linnea,
19,2,60,83,linnea,
19,2,61,blank,linnea,
19,2,62,111x111,linnea,
19,2,63,100x100,linnea,
19,2,64,59x20,linnea,
19,2,65,105x67,linnea,
19,2,66,107x107,linnea,
19,2,67,95,linnea,
19,2,68,22x96,linnea,
19,2,69,121x67,linnea,
19,2,70,122x67,linnea,
19,2,71,58x20,linnea,
19,2,72,30x30,linnea,
19,2,73,115x115,linnea,
19,2,74,104x67,linnea,
19,2,75,3x135,linnea,
19,2,76,30x30,linnea,
19,2,77,24x24,linnea,
19,2,78,135x135,linnea,
19,2,79,29x29,linnea,
19,2,80,98,linnea,
19,2,81,135,linnea,
19,2,82,122x122,linnea,
19,2,83,9x46,linnea,
19,2,84,95,linnea,
19,2,85,blank,linnea,
19,2,86,111,linnea,
19,2,87,99x99,linnea,
19,2,88,99x99,linnea,
19,2,89,51x51,linnea,
19,2,90,19,linnea,
19,2,91,128x128,linnea,
19,2,92,27x20,linnea,
19,2,93,28x28,linnea,
19,2,94,blank,linnea,
19,2,95,51x93,linnea,
19,2,96,123x123,linnea,
19,2,97,109x67,linnea,
19,2,98,53x96,linnea,
19,2,99,118x93,linnea,
19,2,100,72x96,linnea,
19,2,101,34,linnea,
19,2,102,75x75,linnea,
19,2,103,127,linnea,
19,2,104,28,linnea,
19,2,105,107,linnea,
19,2,106,27,linnea,
19,2,107,46,linnea,
19,2,108,28x28,linnea,
19,2,109,2x2,linnea,
19,2,110,76x76,linnea,
19,2,111,96x96,linnea,
19,2,112,100x46,linnea,
19,2,113,1x67,linnea,
19,2,114,83x46,linnea,
19,2,115,43x43,linnea,
19,2,116,18x67,linnea,
19,2,117,70x70,linnea,
19,2,118,35x35,linnea,
19,2,119,100x46,linnea,
19,2,120,112x93,linnea,
19,2,121,83,linnea,
19,2,122,15,linnea,
19,2,123,120,linnea,
19,2,124,80,linnea,
19,2,125,2x93,linnea,
19,2,126,108x108,linnea,
19,2,127,78x78,linnea,
19,2,128,51x93,linnea,
19,2,129,70x96,linnea,
19,2,130,98x20,linnea,
19,2,131,69,linnea,
19,2,132,20x67,linnea,
19,2,133,blank,linnea,
19,2,134,77,linnea,
19,2,135,90,linnea,
19,2,136,22,linnea,
19,2,137,99x99,linnea,
19,2,138,95x135,linnea,
19,2,139,20x67,linnea,
19,2,140,87x96,linnea,
19,2,141,blank,linnea,
19,2,142,17,linnea,
19,2,143,22x22,linnea,
19,2,144,25,linnea,
19,2,145,2x93,linnea,
19,2,146,128,linnea,
19,2,147,62x67,linnea,
19,2,148,blank,linnea,
19,2,149,67,linnea,
19,2,150,42,linnea,
19,2,151,100,linnea,
19,2,152,105x105,linnea,
19,2,153,22x22,linnea,
19,2,154,68,linnea,
19,2,155,17x135,linnea,
19,2,156,72x96,linnea,
19,2,157,113x113,linnea,
19,2,158,23x20,linnea,
19,2,159,40x40,linnea,
19,2,160,133,linnea,
19,2,161,31x31,linnea,
19,2,162,6x6,linnea,
19,2,163,82x93,linnea,
19,2,164,42x93,linnea,
19,2,165,58,linnea,
19,2,166,54,linnea,
19,2,167,31x31,linnea,
19,2,168,58x20,linnea,
19,2,169,63x63,linnea,
19,2,170,23x20,linnea,
19,2,171,134x135,linnea,
19,2,172,104x104,linnea,
19,2,173,66x93,linnea,
19,2,174,133x67,linnea,
19,2,175,71x96,linnea,
19,2,176,41x96,linnea,
19,2,177,50,linnea,
19,2,178,61x61,linnea,
19,2,179,41x41,linnea,
19,2,180,124x20,linnea,
19,2,181,103,linnea,
19,2,182,42x93,linnea,
19,2,183,64x64,linnea,
19,2,184,2x2,linnea,
19,2,185,114,linnea,
19,2,186,74x135,linnea,
19,2,187,40,linnea,
19,2,188,113,linnea,
19,2,189,129,linnea,
19,2,190,49x49,linnea,
19,2,191,19,linnea,
19,2,192,92,linnea,
19,2,193,82x82,linnea,
19,2,194,20,linnea,
19,2,195,45,linnea,
19,2,196,94x96,linnea,
19,2,197,blank,linnea,
19,2,198,78x93,linnea,
19,2,199,104,linnea,
19,2,200,68x68,linnea,
20,2,1,55x67,matt,
20,2,2,93x93,matt,
20,2,3,115,matt,
20,2,4,46x46,matt,
20,2,5,61x135,matt,
20,2,6,98x20,matt,
20,2,7,57,matt,
20,2,8,68x20,matt,
20,2,9,134,matt,
20,2,10,126,matt,
20,2,11,101x20,matt,
20,2,12,107x135,matt,
20,2,13,90,matt,
20,2,14,90x90,matt,
20,2,15,36x20,matt,
20,2,16,43,matt,
20,2,17,42,matt,
20,2,18,64x64,matt,
20,2,19,109x109,matt,
20,2,20,35,matt,
20,2,21,41x41,matt,
20,2,22,38x38,matt,
20,2,23,134x134,matt,
20,2,24,120x120,matt,
20,2,25,51x51,matt,
20,2,26,126,matt,
20,2,27,126x93,matt,
20,2,28,121x121,matt,
20,2,29,114x114,matt,
20,2,30,97,matt,
20,2,31,33,matt,
20,2,32,81x81,matt,
20,2,33,17x17,matt,
20,2,34,103,matt,
20,2,35,103,matt,
20,2,36,79x96,matt,
20,2,37,98x98,matt,
20,2,38,113x113,matt,
20,2,39,95x95,matt,
20,2,40,10,matt,
20,2,41,102x67,matt,
20,2,42,37x135,matt,
20,2,43,47x46,matt,
20,2,44,118,matt,
20,2,45,103x96,matt,
20,2,46,86x86,matt,
20,2,47,64,matt,
20,2,48,44x44,matt,
20,2,49,80x80,matt,
20,2,50,129x129,matt,
20,2,51,35,matt,
20,2,52,30x30,matt,
20,2,53,73,matt,
20,2,54,90,matt,
20,2,55,16x46,matt,
20,2,56,16x46,matt,
20,2,57,20,matt,
20,2,58,125x20,matt,
20,2,59,32,matt,
20,2,60,133x67,matt,
20,2,61,55,matt,
20,2,62,35x46,matt,
20,2,63,109x109,matt,
20,2,64,9,matt,
20,2,65,16x16,matt,
20,2,66,122,matt,
20,2,67,92x92,matt,
20,2,68,30x30,matt,
20,2,69,25x25,matt,
20,2,70,108x20,matt,
20,2,71,131x131,matt,
20,2,72,122,matt,
20,2,73,24,matt,
20,2,74,56x67,matt,
20,2,75,78x93,matt,
20,2,76,28,matt,
20,2,77,127x127,matt,
20,2,78,29x29,matt,
20,2,79,71x71,matt,
20,2,80,55x55,matt,
20,2,81,123x20,matt,
20,2,82,63x63,matt,
20,2,83,134x134,matt,
20,2,84,15x15,matt,
20,2,85,96,matt,
20,2,86,115x20,matt,
20,2,87,49x46,matt,
20,2,88,14,matt,
20,2,89,78x93,matt,
20,2,90,41,matt,
20,2,91,48x48,matt,
20,2,92,42,matt,
20,2,93,67x67,matt,
20,2,94,22,matt,
20,2,95,101x20,matt,
20,2,96,20,matt,
20,2,97,108,matt,
20,2,98,92,matt,
20,2,99,133,matt,
20,2,100,116x116,matt,
20,2,101,91x91,matt,
20,2,102,20x67,matt,
20,2,103,28,matt,
20,2,104,19x67,matt,
20,2,105,90,matt,
20,2,106,60,matt,
20,2,107,117,matt,
20,2,108,119x119,matt,
20,2,109,105,matt,
20,2,110,41x96,matt,
20,2,111,44,matt,
20,2,112,110,matt,
20,2,113,19x67,matt,
20,2,114,46,matt,
20,2,115,30x67,matt,
20,2,116,94x94,matt,
20,2,117,61x135,matt,
20,2,118,40,matt,
20,2,119,81x81,matt,
20,2,120,125,matt,
20,2,121,136x20,matt,
20,2,122,128x128,matt,
20,2,123,29x135,matt,
20,2,124,94,matt,
20,2,125,121,matt,
20,2,126,123x123,matt,
20,2,127,47,matt,
20,2,128,49x49,matt,
20,2,129,135,matt,
20,2,130,98x98,matt,
20,2,131,66x93,matt,
20,2,132,53x96,matt,
20,2,133,62x62,matt,
20,2,134,blank,matt,
20,2,135,117x46,matt,
20,2,136,136x136,matt,
20,2,137,20x20,matt,
20,2,138,124x124,matt,
20,2,139,87x96,matt,
20,2,140,120,matt,
20,2,141,97x97,matt,
20,2,142,69,matt,
20,2,143,63x46,matt,
20,2,144,109x109,matt,
20,2,145,134,matt,
20,2,146,130x130,matt,
20,2,147,92,matt,
20,2,148,38,matt,
20,2,149,126x93,matt,
20,2,150,63x63,matt,
20,2,151,18,matt,
20,2,152,64,matt,
20,2,153,61x135,matt,
20,2,154,83,matt,
20,2,155,9x9,matt,
20,2,156,15,matt,
20,2,157,65x93,matt,
20,2,158,4x46,matt,
20,2,159,6,matt,
20,2,160,89x135,matt,
20,2,161,75,matt,
20,2,162,blank,matt,
20,2,163,83,matt,
20,2,164,36,matt,
20,2,165,91x20,matt,
20,2,166,107x135,matt,
20,2,167,105x105,matt,
20,2,168,135x135,matt,
20,2,169,90x135,matt,
20,2,170,119,matt,
20,2,171,74x135,matt,
20,2,172,55x67,matt,
20,2,173,121x121,matt,
20,2,174,125,matt,
20,2,175,48x48,matt,
20,2,176,89x135,matt,
20,2,177,50x50,matt,
20,2,178,127x93,matt,
20,2,179,91x91,matt,
20,2,180,15,matt,
20,2,181,33x20,matt,
20,2,182,119x93,matt,
20,2,183,47x46,matt,
20,2,184,86,matt,
20,2,185,109x67,matt,
20,2,186,2x93,matt,
20,2,187,blank,matt,
20,2,188,53,matt,
20,2,189,134x134,matt,
20,2,190,89x135,matt,
20,2,191,66,matt,
20,2,192,122x67,matt,
20,2,193,133,matt,
20,2,194,8x93,matt,
20,2,195,75x75,matt,
20,2,196,56x67,matt,
20,2,197,131x135,matt,
20,2,198,103x96,matt,
20,2,199,99x46,matt,
20,2,200,32x96,matt,
21,2,1,94,linnea,
21,2,2,77,linnea,
21,2,3,102,linnea,
21,2,4,130x46,linnea,
21,2,5,59x20,linnea,
21,2,6,blank,linnea,
21,2,7,48x48,linnea,
21,2,8,122,linnea,
21,2,9,25x96,linnea,
21,2,10,26,linnea,
21,2,11,blank,linnea,
21,2,12,26x46,linnea,
21,2,13,41,linnea,
21,2,14,116,linnea,
21,2,15,14x14,linnea,
21,2,16,15x15,linnea,
21,2,17,42x42,linnea,
21,2,18,1x67,linnea,
21,2,19,90,linnea,
21,2,20,8x8,linnea,
21,2,21,25,linnea,
21,2,22,4x4,linnea,
21,2,23,110,linnea,
21,2,24,50x46,linnea,
21,2,25,9,linnea,
21,2,26,80x80,linnea,
21,2,27,40,linnea,
21,2,28,112,linnea,
21,2,29,35x35,linnea,
21,2,30,18,linnea,
21,2,31,15x67,linnea,
21,2,32,45x45,linnea,
21,2,33,62,linnea,
21,2,34,85x85,linnea,
21,2,35,73,linnea,
21,2,36,36x36,linnea,
21,2,37,99,linnea,
21,2,38,74,linnea,
21,2,39,15x15,linnea,
21,2,40,49x46,linnea,
21,2,41,34x96,linnea,
21,2,42,75x75,linnea,
21,2,43,75x75,linnea,
21,2,44,22,linnea,
21,2,45,5x5,linnea,
21,2,46,35x46,linnea,
21,2,47,117x46,linnea,
21,2,48,49x49,linnea,
21,2,49,74x135,linnea,
21,2,50,130,linnea,
21,2,51,34x96,linnea,
21,2,52,94x96,linnea,
21,2,53,26x46,linnea,
21,2,54,115x115,linnea,
21,2,55,7,linnea,
21,2,56,64x64,linnea,
21,2,57,78x93,linnea,
21,2,58,blank,linnea,
21,2,59,32x32,linnea,
21,2,60,129x129,linnea,
21,2,61,125,linnea,
21,2,62,2,linnea,
21,2,63,92x92,linnea,
21,2,64,42,linnea,
21,2,65,3x135,linnea,
21,2,66,86x46,linnea,
21,2,67,109x109,linnea,
21,2,68,44x44,linnea,
21,2,69,22x96,linnea,
21,2,70,75x75,linnea,
21,2,71,41,linnea,
21,2,72,78x93,linnea,
21,2,73,24x24,linnea,
21,2,74,43x20,linnea,
21,2,75,45,linnea,
21,2,76,65x93,linnea,
21,2,77,19,linnea,
21,2,78,58x58,linnea,
21,2,79,8x8,linnea,
21,2,80,11,linnea,
21,2,81,45x67,linnea,
21,2,82,10x96,linnea,
21,2,83,51,linnea,
21,2,84,127,linnea,
21,2,85,133x67,linnea,
21,2,86,66x66,linnea,
21,2,87,8,linnea,
21,2,88,blank,linnea,
21,2,89,62x67,linnea,
21,2,90,63x46,linnea,
21,2,91,70x96,linnea,
21,2,92,29x135,linnea,
21,2,93,60,linnea,
21,2,94,9x9,linnea,
21,2,95,14,linnea,
21,2,96,44x67,linnea,
21,2,97,98,linnea,
21,2,98,3x3,linnea,
21,2,99,74x74,linnea,
21,2,100,25x96,linnea,
21,2,101,30,linnea,
21,2,102,45x45,linnea,
21,2,103,24,linnea,
21,2,104,118,linnea,
21,2,105,75,linnea,
21,2,106,38x38,linnea,
21,2,107,101x20,linnea,
21,2,108,133x67,linnea,
21,2,109,45x67,linnea,
21,2,110,60x135,linnea,
21,2,111,88x93,linnea,
21,2,112,38x38,linnea,
21,2,113,92x20,linnea,
21,2,114,32x96,linnea,
21,2,115,19x19,linnea,
21,2,116,107x107,linnea,
21,2,117,96x96,linnea,
21,2,118,128x128,linnea,
21,2,119,121x121,linnea,
21,2,120,104x67,linnea,
21,2,121,96x96,linnea,
21,2,122,17x135,linnea,
21,2,123,107x135,linnea,
21,2,124,45,linnea,
21,2,125,130x46,linnea,
21,2,126,88x88,linnea,
21,2,127,108,linnea,
21,2,128,107,linnea,
21,2,129,30x30,linnea,
21,2,130,10,linnea,
21,2,131,125x125,linnea,
21,2,132,111x93,linnea,
21,2,133,135x46,linnea,
21,2,134,79x79,linnea,
21,2,135,86,linnea,
21,2,136,100,linnea,
21,2,137,54,linnea,
21,2,138,65,linnea,
21,2,139,64x64,linnea,
21,2,140,48,linnea,
21,2,141,14x46,linnea,
21,2,142,32x32,linnea,
21,2,143,58,linnea,
21,2,144,22x22,linnea,
21,2,145,44x67,linnea,
21,2,146,15x15,linnea,
21,2,147,12x20,linnea,
21,2,148,100,linnea,
21,2,149,77,linnea,
21,2,150,14x14,linnea,
21,2,151,100x100,linnea,
21,2,152,44x67,linnea,
21,2,153,83x46,linnea,
21,2,154,19x19,linnea,
21,2,155,30x30,linnea,
21,2,156,114,linnea,
21,2,157,30x67,linnea,
21,2,158,114,linnea,
21,2,159,96x46,linnea,
21,2,160,29x29,linnea,
21,2,161,12,linnea,
21,2,162,blank,linnea,
21,2,163,38x38,linnea,
21,2,164,95x95,linnea,
21,2,165,46,linnea,
21,2,166,6x96,linnea,
21,2,167,75x75,linnea,
21,2,168,79,linnea,
21,2,169,54x96,linnea,
21,2,170,blank,linnea,
21,2,171,130x46,linnea,
21,2,172,66x66,linnea,
21,2,173,86x86,linnea,
21,2,174,85,linnea,
21,2,175,129,linnea,
21,2,176,94x94,linnea,
21,2,177,10,linnea,
21,2,178,49,linnea,
21,2,179,127,linnea,
21,2,180,34x96,linnea,
21,2,181,blank,linnea,
21,2,182,12,linnea,
21,2,183,34,linnea,
21,2,184,44x67,linnea,
21,2,185,blank,linnea,
21,2,186,124x20,linnea,
21,2,187,94x96,linnea,
21,2,188,79,linnea,
21,2,189,66,linnea,
21,2,190,112x93,linnea,
21,2,191,95x95,linnea,
21,2,192,14,linnea,
21,2,193,14,linnea,
21,2,194,15,linnea,
21,2,195,40,linnea,
21,2,196,129x129,linnea,
21,2,197,11,linnea,
21,2,198,49x49,linnea,
21,2,199,97x97,linnea,
21,2,200,68,linnea,
22,2,1,20x67,linnea,
22,2,2,121x67,linnea,
22,2,3,43x43,linnea,
22,2,4,4,linnea,
22,2,5,115x20,linnea,
22,2,6,22,linnea,
22,2,7,36,linnea,
22,2,8,122x67,linnea,
22,2,9,127,linnea,
22,2,10,38,linnea,
22,2,11,5,linnea,
22,2,12,76x76,linnea,
22,2,13,33x33,linnea,
22,2,14,55x67,linnea,
22,2,15,63x46,linnea,
22,2,16,106x106,linnea,
22,2,17,blank,linnea,
22,2,18,124,linnea,
22,2,19,129x93,linnea,
22,2,20,28x28,linnea,
22,2,21,70x96,linnea,
22,2,22,131,linnea,
22,2,23,18,linnea,
22,2,24,64,linnea,
22,2,25,81x81,linnea,
22,2,26,131x131,linnea,
22,2,27,8x8,linnea,
22,2,28,101,linnea,
22,2,29,8x8,linnea,
22,2,30,111,linnea,
22,2,31,46x46,linnea,
22,2,32,33,linnea,
22,2,33,49x46,linnea,
22,2,34,88,linnea,
22,2,35,51x51,linnea,
22,2,36,108,linnea,
22,2,37,105,linnea,
22,2,38,54x96,linnea,
22,2,39,120x46,linnea,
22,2,40,76x76,linnea,
22,2,41,46x46,linnea,
22,2,42,125x125,linnea,
22,2,43,66,linnea,
22,2,44,104,linnea,
22,2,45,3x3,linnea,
22,2,46,129x93,linnea,
22,2,47,blank,linnea,
22,2,48,97x97,linnea,
22,2,49,24x135,linnea,
22,2,50,43x20,linnea,
22,2,51,75x75,linnea,
22,2,52,46,linnea,
22,2,53,6,linnea,
22,2,54,47x47,linnea,
22,2,55,57,linnea,
22,2,56,blank,linnea,
22,2,57,blank,linnea,
22,2,58,55x67,linnea,
22,2,59,blank,linnea,
22,2,60,129x129,linnea,
22,2,61,87x96,linnea,
22,2,62,53,linnea,
22,2,63,61,linnea,
22,2,64,123x20,linnea,
22,2,65,35x46,linnea,
22,2,66,blank,linnea,
22,2,67,29x135,linnea,
22,2,68,60x135,linnea,
22,2,69,14,linnea,
22,2,70,111x111,linnea,
22,2,71,blank,linnea,
22,2,72,17x135,linnea,
22,2,73,81,linnea,
22,2,74,5x20,linnea,
22,2,75,114x114,linnea,
22,2,76,109x67,linnea,
22,2,77,50,linnea,
22,2,78,30x67,linnea,
22,2,79,blank,linnea,
22,2,80,73x73,linnea,
22,2,81,97x97,linnea,
22,2,82,72x96,linnea,
22,2,83,49,linnea,
22,2,84,60x135,linnea,
22,2,85,67x67,linnea,
22,2,86,97x93,linnea,
22,2,87,103x96,linnea,
22,2,88,34x34,linnea,
22,2,89,18x67,linnea,
22,2,90,10x96,linnea,
22,2,91,48x135,linnea,
22,2,92,35x46,linnea,
22,2,93,102,linnea,
22,2,94,blank,linnea,
22,2,95,97x97,linnea,
22,2,96,119x93,linnea,
22,2,97,99x99,linnea,
22,2,98,60,linnea,
22,2,99,126x93,linnea,
22,2,100,123,linnea,
22,2,101,blank,linnea,
22,2,102,98,linnea,
22,2,103,10x10,linnea,
22,2,104,29,linnea,
22,2,105,76x76,linnea,
22,2,106,53,linnea,
22,2,107,50x46,linnea,
22,2,108,125x125,linnea,
22,2,109,73x135,linnea,
22,2,110,42x42,linnea,
22,2,111,94,linnea,
22,2,112,5,linnea,
22,2,113,10,linnea,
22,2,114,131x135,linnea,
22,2,115,117x117,linnea,
22,2,116,78x93,linnea,
22,2,117,41x41,linnea,
22,2,118,38x38,linnea,
22,2,119,11x67,linnea,
22,2,120,90x90,linnea,
22,2,121,68,linnea,
22,2,122,50x46,linnea,
22,2,123,48x135,linnea,
22,2,124,93x67,linnea,
22,2,125,59x20,linnea,
22,2,126,4x46,linnea,
22,2,127,29x135,linnea,
22,2,128,85,linnea,
22,2,129,51,linnea,
22,2,130,81x81,linnea,
22,2,131,82,linnea,
22,2,132,104x104,linnea,
22,2,133,135,linnea,
22,2,134,110x93,linnea,
22,2,135,106x106,linnea,
22,2,136,100x46,linnea,
22,2,137,38,linnea,
22,2,138,40x135,linnea,
22,2,139,63,linnea,
22,2,140,18x18,linnea,
22,2,141,86x46,linnea,
22,2,142,92x20,linnea,
22,2,143,113x93,linnea,
22,2,144,113,linnea,
22,2,145,94x96,linnea,
22,2,146,70,linnea,
22,2,147,blank,linnea,
22,2,148,63,linnea,
22,2,149,116x116,linnea,
22,2,150,100,linnea,
22,2,151,28,linnea,
22,2,152,96x46,linnea,
22,2,153,40x135,linnea,
22,2,154,20x67,linnea,
22,2,155,109x67,linnea,
22,2,156,51x93,linnea,
22,2,157,110,linnea,
22,2,158,112,linnea,
22,2,159,blank,linnea,
22,2,160,37x37,linnea,
22,2,161,50x50,linnea,
22,2,162,91x20,linnea,
22,2,163,61,linnea,
22,2,164,59x59,linnea,
22,2,165,61x61,linnea,
22,2,166,103x96,linnea,
22,2,167,85,linnea,
22,2,168,76,linnea,
22,2,169,63,linnea,
22,2,170,94,linnea,
22,2,171,24x24,linnea,
22,2,172,6x96,linnea,
22,2,173,28x28,linnea,
22,2,174,106x106,linnea,
22,2,175,14x14,linnea,
22,2,176,83,linnea,
22,2,177,37,linnea,
22,2,178,20x67,linnea,
22,2,179,28x67,linnea,
22,2,180,116x135,linnea,
22,2,181,48,linnea,
22,2,182,65x65,linnea,
22,2,183,127x127,linnea,
22,2,184,129x129,linnea,
22,2,185,51,linnea,
22,2,186,71,linnea,
22,2,187,blank,linnea,
22,2,188,8x8,linnea,
22,2,189,37x37,linnea,
22,2,190,66,linnea,
22,2,191,74x74,linnea,
22,2,192,27x20,linnea,
22,2,193,92x20,linnea,
22,2,194,113x113,linnea,
22,2,195,96x96,linnea,
22,2,196,117x46,linnea,
22,2,197,111x93,linnea,
22,2,198,114,linnea,
22,2,199,28x67,linnea,
22,2,200,44,linnea,